element,freq_score,kanji_count,is_kanji
口,0.7523777758361521,1228,True
丿,0.7285497924806376,1243,True
日,0.607882177598945,650,True
一,0.5178908347714752,622,True
木,0.3661921665759876,674,True
亻,0.3528271857132866,439,True
人,0.35268439162568227,316,True
十,0.3233218304946692,491,True
土,0.32178310170837987,353,True
丨,0.3171070037049889,282,True
亠,0.29652258153022365,446,True
丶,0.277895510718295,378,True
八,0.2671916172160496,478,True
目,0.25852993782675315,349,True
大,0.22376462810655057,278,True
氵,0.16055510946292229,355,True
冖,0.16053487786115345,269,True
月,0.15602320178179827,288,True
厶,0.15015542675493215,213,True
卜,0.1497200683831428,176,True
儿,0.13782857746333155,246,True
宀,0.13714571240110998,202,True
厂,0.13572830354305696,262,True
言,0.1331330979607321,187,True
乂,0.12602332018998,190,True
冂,0.12098526072196251,193,True
亅,0.11835727299672746,131,True
二,0.1183304453297442,131,True
寸,0.11805421322646543,107,True
又,0.11393612739418707,157,True
扌,0.11198031655723999,229,True
⻌,0.10995437330893232,77,False
糸,0.10882952318346911,200,True
弋,0.10854295680926704,163,True
王,0.10604464987553464,115,True
山,0.10303008467379113,138,True
干,0.10295923664640953,66,True
貝,0.10205854885223396,207,True
艹,0.10137716133297182,371,True
彳,0.0968319170930018,68,True
立,0.09524462285994446,130,True
田,0.09439089481178933,199,True
心,0.09403269351272574,128,True
勹,0.08982147689171917,148,True
⺕,0.08922409966779499,75,False
戈,0.08366947731469403,136,True
中,0.08184226543442062,134,True
凵,0.07766782187243586,57,True
女,0.07740002603377992,163,True
𠂉,0.07738170371241525,111,True
門,0.07042395901500755,63,True
刀,0.07042368488924064,70,True
力,0.06946204322911136,82,True
本,0.06767198351675964,5,True
囗,0.0669216852952266,82,True
子,0.06579056353943671,48,True
灬,0.0656908002857692,210,True
士,0.06117371357405295,109,True
广,0.06076162976153722,118,True
𠂊,0.05961045023761753,155,False
出,0.05947397676431134,13,True
刂,0.05896249696213566,80,True
寺,0.05893511245729256,14,True
年,0.058823529411764705,1,True
耂,0.05842522313102611,48,True
匕,0.057344223626483136,149,True
里,0.05551181323143391,57,True
夂,0.05513950864260201,92,True
禾,0.05480580671889899,113,True
乙,0.05401183276389327,63,True
攵,0.05391021108101592,81,True
夕,0.0534399683385465,74,True
千,0.05270614458184815,52,True
小,0.05183822056876454,73,True
三,0.050191211686225014,78,True
白,0.049909752751107685,81,True
隹,0.04974509273837136,100,True
方,0.04889126963323001,54,True
見,0.04802971220212331,36,True
生,0.04779001171192346,14,True
行,0.047300691497459954,19,True
金,0.04691390029266344,157,True
云,0.04671125650988207,19,True
斤,0.046512613280445675,59,True
米,0.04627405538451422,96,True
止,0.04483033640459789,81,True
車,0.044806984053668016,82,True
竹,0.04445667020625829,125,True
旦,0.04352629887104786,55,True
者,0.04248012787261101,30,True
忄,0.0422867136258315,133,True
⻖,0.04209405721777516,70,False
自,0.04132609290640025,14,True
几,0.040649761241477865,88,True
分,0.04064590548280802,18,True
勿,0.04030568831874967,41,True
時,0.04020000000000001,3,True
尸,0.03992815521178069,80,True
龰,0.038510113977534066,43,False
用,0.03849689884544928,49,True
事,0.038461538461538464,1,True
己,0.038081147715722165,65,True
天,0.03763652790233059,42,True
上,0.03727605899692702,11,True
会,0.03584062025590978,3,True
頁,0.03535542130440246,67,True
廿,0.035020342800121035,100,True
⻏,0.03491309159705408,45,False
巾,0.03479621267998805,64,True
玉,0.033971512316415056,10,True
廾,0.03379644193019945,74,True
䒑,0.033606463118739834,72,True
丁,0.03352362786729451,54,True
⺌,0.033339021998047474,59,False
合,0.033187480320362055,24,True
耳,0.03243267695610484,59,True
冫,0.031938825977944195,60,True
工,0.0318134918466074,69,True
衣,0.031496875202523596,53,True
手,0.031027314448778084,22,True
国,0.030503030303030303,3,True
牛,0.029951314416113886,39,True
音,0.028640148753129223,26,True
礻,0.02850535020291443,23,True
昜,0.02730524858120005,21,True
マ,0.027134402990344413,38,False
文,0.02680858394445292,23,True
入,0.026649499678508923,36,True
石,0.026631580619192824,77,True
間,0.026623595505617978,7,True
火,0.02611656966082461,101,True
弓,0.02589308292274929,58,True
龶,0.025192379955199774,34,False
也,0.025110142461666082,8,True
吉,0.025109223416738165,47,True
疋,0.02491884614767869,25,True
欠,0.024786301784499722,43,True
艮,0.02471674214193357,41,True
殳,0.024623946085857988,44,True
重,0.024137391225825564,11,True
虫,0.02347240450717246,129,True
卩,0.023279221691776826,65,True
羊,0.023040635784226743,53,True
示,0.02303695981587897,54,True
戸,0.022681548144301948,32,True
古,0.022411690502813365,48,True
前,0.02222260799321768,7,True
長,0.02171605550063148,28,True
西,0.02140343967826334,69,True
了,0.021081558750710362,28,True
雨,0.02097518810408782,64,True
共,0.02090751378479861,25,True
各,0.020886665027100328,30,True
业,0.020863436668689977,23,False
場,0.020833333333333332,1,True
皿,0.020751328439265786,64,True
冋,0.02016782487667401,32,True
足,0.020153802875139782,71,True
地,0.02,1,True
咅,0.01978630086005414,11,True
七,0.019785885342514374,55,True
癶,0.019725577664569657,20,True
正,0.019558319583799055,21,True
可,0.019536880099723937,34,True
罒,0.019388569786570435,60,True
覀,0.019330805947967992,36,True
⺤,0.019309519798423096,53,False
取,0.019284277572136146,14,True
由,0.019239926364558547,33,True
豕,0.019182099537940842,30,True
舌,0.01914208420608329,20,True
勺,0.01909571988181875,11,True
学,0.018867924528301886,1,True
後,0.018867924528301886,1,True
聿,0.01869339821149669,23,True
馬,0.018673083547660445,63,True
内,0.01853478113179355,13,True
氺,0.01850274614237153,31,True
予,0.01849981433348208,25,True
疒,0.01841871496628781,72,True
九,0.018196805477230498,31,True
衤,0.01787983705023265,59,True
酉,0.017654436829260496,59,True
彡,0.017474783092355138,57,True
水,0.017438294833030533,23,True
早,0.01733357873774395,36,True
幺,0.0172987456438182,31,True
⺍,0.01701010014284099,16,False
开,0.01692318296348477,9,True
同,0.016869057270447928,8,True
戍,0.016816063971829734,21,True
乍,0.016727491616675947,15,True
鳥,0.016701694700592355,87,True
⺨,0.016527549216314854,56,False
少,0.016487030290767868,29,True
氏,0.01646019184074993,17,True
𡗗,0.01645408784195759,19,True
矢,0.016307034961805092,27,True
甲,0.016247781485451633,20,True
部,0.016229032258064515,2,True
高,0.016032756300378235,15,True
父,0.016015177185643898,21,True
关,0.015990617008528673,6,True
毋,0.015871986400194885,24,True
穴,0.015647822676960296,40,True
豆,0.015562856252131078,43,True
且,0.015554760859379917,32,True
主,0.0155397470210507,8,True
兄,0.01549456106243868,18,True
発,0.015418293890326083,4,True
動,0.015230899788981492,4,True
青,0.015173362172118452,17,True
今,0.015085569721727482,18,True
歹,0.014685484977275995,31,True
代,0.014541155829097444,7,True
川,0.014418356520577283,20,True
反,0.014406284493584534,13,True
新,0.014228183401591111,3,True
甬,0.013771823899631207,12,True
下,0.013620512820512815,9,True
社,0.013513513513513514,1,True
交,0.013428987906458734,17,True
比,0.013364453301607376,51,True
定,0.013353184009894974,8,True
台,0.013350772987679803,17,True
的,0.013333333333333334,1,True
去,0.013154191769697548,12,True
至,0.013149793852823947,28,True
未,0.013088270033588145,25,True
作,0.013087012987012987,2,True
度,0.0129003003003003,3,True
羽,0.012880420328405572,50,True
明,0.012850013289170108,3,True
甘,0.012675533134763732,31,True
占,0.012623366937707652,18,True
魚,0.012521637126529275,78,True
匚,0.01238617303096705,55,True
次,0.012356557317028031,11,True
家,0.012265201790224974,4,True
成,0.012251354441857988,6,True
束,0.012232567169990542,34,True
匸,0.01217391977966428,21,True
尚,0.012158397054431336,27,True
夫,0.012142170683235096,21,True
其,0.012125484509981091,19,True
世,0.012086614684653737,14,True
公,0.012057969204105914,15,True
単,0.012028474132643551,8,True
我,0.011999593509834604,20,True
气,0.011984551127762227,7,True
化,0.011973578341834991,11,True
林,0.011767632470135219,36,True
回,0.011664428333126248,27,True
理,0.011494252873563218,1,True
首,0.011475964135845099,5,True
直,0.011472475160558956,9,True
甫,0.011420024440767559,32,True
体,0.011363636363636364,1,True
意,0.011247041724413884,6,True
業,0.011235955056179775,1,True
元,0.011150559241967933,11,True
通,0.01108901098901099,2,True
皮,0.011005031187932708,22,True
気,0.01098901098901099,1,True
関,0.01098901098901099,1,True
思,0.010957323298315298,8,True
売,0.010876747441991547,4,True
市,0.01084889542144872,8,True
五,0.010760117512126535,14,True
対,0.010752688172043012,1,True
走,0.01073946294733786,13,True
全,0.010694613590240841,6,True
品,0.010680682663332058,26,True
非,0.010672588591397041,36,True
廴,0.01066680257477888,21,True
舟,0.010626530042306575,30,True
幸,0.010565827334513094,19,True
𢆉,0.010565827334513094,19,False
表,0.010516795865633075,2,True
京,0.010497801733817353,16,True
毎,0.010497270290011728,12,True
谷,0.010465618574269914,21,True
最,0.010443902569880358,3,True
辶,0.010323995276912858,83,True
相,0.010182882154997042,7,True
不,0.010151697501343603,11,True
付,0.010056844785965099,14,True
当,0.0100009900990099,2,True
虍,0.009940322955541776,43,True
実,0.00980392156862745,1,True
名,0.00965498993385102,4,True
周,0.009646285247925658,12,True
東,0.009632777739241323,10,True
角,0.009625427290348395,20,True
釆,0.009490719371977494,23,True
物,0.009445794392523363,2,True
亦,0.009287887880212876,9,True
支,0.009274930335749894,12,True
圣,0.009270772628273208,6,True
句,0.00926506071958542,17,True
義,0.009254370525673567,8,True
外,0.00919090909090909,2,True
飠,0.009186608788052475,13,True
以,0.009175938824954571,3,True
連,0.00916880369133811,6,True
軍,0.009152478888061165,14,True
多,0.009133211601938338,4,True
申,0.009113820335388082,12,True
具,0.009095010667665028,15,True
从,0.009074288553463063,52,True
是,0.009064733562765808,7,True
話,0.009009009009009009,1,True
道,0.008955778520995912,2,True
尺,0.008954157187486192,12,True
冉,0.008906758593334443,14,True
犬,0.008876824801590572,25,True
現,0.008849557522123894,1,True
良,0.008804465169401338,15,True
⺦,0.00877690175688904,8,False
書,0.008771929824561403,1,True
辰,0.008752174131831715,20,True
知,0.00865114602671608,7,True
性,0.008620689655172414,1,True
再,0.008606758593334443,11,True
丸,0.008603097187817085,15,True
兌,0.008573564578204544,8,True
禸,0.008556115870968363,25,True
辛,0.008516012884509185,33,True
召,0.008425062367675281,15,True
CDP-8BC4,0.008419024095355814,4,False
原,0.008419024095355814,4,True
䏍,0.008389478579105646,6,False
能,0.008389478579105646,6,True
来,0.008364462809917355,2,True
幾,0.008243255106013944,5,True
加,0.008178050985980765,13,True
曲,0.008172200194934993,16,True
番,0.008105763619765107,17,True
法,0.0081,2,True
半,0.008074999210890632,9,True
開,0.008064516129032258,1,True
圭,0.00806252518426752,29,True
安,0.00803551779935275,6,True
莫,0.008013003641282082,20,True
余,0.007927726868917517,13,True
令,0.007904291633096399,18,True
斗,0.007876410170041391,12,True
要,0.007857914206281737,2,True
平,0.007829305715552818,10,True
戦,0.0078125,1,True
允,0.007808393521927878,16,True
韋,0.00776075837541831,11,True
壬,0.007730946750297149,19,True
身,0.0077228580861952315,13,True
丈,0.007706708933267843,5,True
所,0.007692307692307693,1,True
𠦝,0.007670668959966868,12,True
㑒,0.007666429805221061,7,False
巴,0.007565467502215945,20,True
孝,0.007538794311625201,4,True
玄,0.0075131153811552375,19,True
記,0.007462686567164179,1,True
咸,0.007447045034271618,12,True
介,0.007419624303881639,7,True
官,0.0073709827953591135,7,True
必,0.00737054167587621,9,True
問,0.007352941176470588,1,True
丂,0.007295416858355557,6,True
果,0.00728433087194591,11,True
吾,0.007281739133748156,12,True
員,0.007221310476875187,6,True
祭,0.007201531291357624,5,True
系,0.007198936527033313,9,True
利,0.007162700569455022,9,True
夬,0.007090584415584416,10,True
告,0.007057208475922803,12,True
娄,0.007024654062801872,4,True
奇,0.006995506700561774,14,True
民,0.006952244589936569,6,True
㐄,0.006867897072579045,16,False
機,0.00684931506849315,1,True
先,0.00683445947734915,5,True
矛,0.006797669076180931,15,True
夭,0.006689494206545098,18,True
放,0.0066287071527491755,13,True
兀,0.006613075104037647,29,True
野,0.006593506493506494,2,True
央,0.006558223889931209,12,True
包,0.006553115013649754,25,True
男,0.006546515821871301,10,True
真,0.006499684043702909,9,True
旨,0.00646268486383883,6,True
数,0.006429113924050633,2,True
面,0.006385436056194526,7,True
肖,0.006366559740568579,19,True
式,0.006364733145794736,5,True
制,0.006359506259506259,3,True
呆,0.0063488128316188785,7,True
呂,0.006326209090437182,11,True
求,0.006308240932989508,6,True
吏,0.006270072253942863,2,True
受,0.006257776209203053,3,True
持,0.00625,1,True
第,0.00625,1,True
畐,0.006174608476555302,11,True
教,0.006172839506172839,1,True
考,0.006129161738616203,3,True
区,0.006085304856426906,7,True
戠,0.006055729168361732,4,True
冓,0.006036064505930845,10,True
复,0.006017114740393256,11,True
曽,0.0059901909916792884,8,True
解,0.005986045560072228,6,True
巽,0.005949717514124294,4,True
侖,0.005946014354183083,9,True
屮,0.005945921012076282,21,True
集,0.005913953488372093,2,True
甶,0.005883703726003155,23,True
鬼,0.005883703726003155,23,True
画,0.0058823529411764705,1,True
使,0.005847953216374269,1,True
無,0.005847593582887701,6,True
革,0.0058307076569515505,33,True
専,0.00581808935239112,13,True
経,0.005813953488372093,1,True
責,0.005810158866504234,11,True
有,0.005760058110049984,11,True
保,0.005744780573554362,5,True
劵,0.00571858573637158,4,True
広,0.005713488997837535,6,True
亡,0.005709389768294085,15,True
卯,0.005709033297902295,17,True
食,0.005702161035990034,10,True
冊,0.005664949968676361,15,True
報,0.005649717514124294,1,True
選,0.005649717514124294,1,True
咼,0.0056126881393207635,9,True
期,0.00558659217877095,1,True
近,0.005555555555555556,1,True
乃,0.0055434204441783905,14,True
楽,0.005540664408055712,3,True
情,0.0055248618784530384,1,True
北,0.005511352370525804,8,True
而,0.005471458513657749,22,True
及,0.005424317192622578,7,True
在,0.005419148936170213,2,True
点,0.005405405405405406,1,True
変,0.005319148936170213,1,True
刃,0.005292358326310141,7,True
才,0.005290843265349231,6,True
右,0.005290205595917589,8,True
初,0.005263157894736842,1,True
𧘇,0.005252166724316661,11,False
決,0.005208333333333333,1,True
百,0.0052042256190930345,12,True
泉,0.005191941185980692,5,True
結,0.005154639175257732,1,True
列,0.0051540788358080385,6,True
何,0.005125439437519974,2,True
活,0.005125125628140704,2,True
失,0.005122404645581256,8,True
凶,0.00511449422845244,16,True
兆,0.005110529475883865,12,True
戋,0.005108779448095481,5,False
政,0.00510204081632653,1,True
尹,0.005096485518704933,10,True
完,0.0050791583083230965,5,True
害,0.005065246801438055,5,True
𠔉,0.005064978425615047,4,True
空,0.005040863300349504,7,True
感,0.005031779168062354,4,True
語,0.005,1,True
斉,0.004995801841076048,5,True
向,0.004984688995215311,3,True
題,0.004975124378109453,1,True
則,0.00496833206450073,6,True
舛,0.004937395142077114,15,True
丘,0.004933072337819557,9,True
冬,0.004924873762213917,8,True
県,0.004889050557625704,4,True
信,0.004878048780487805,1,True
特,0.004878048780487805,1,True
引,0.004872897196261682,3,True
別,0.004861904761904763,2,True
海,0.004816981132075472,2,True
界,0.004816981132075472,2,True
光,0.004813075104037642,11,True
帚,0.004813056137194069,7,True
監,0.004765947700501028,10,True
啇,0.004745616415158954,7,True
私,0.004739336492890996,1,True
円,0.0047314176245210745,10,True
更,0.004729372838182642,9,True
井,0.0047108595914444,6,True
強,0.004704504504504505,3,True
辟,0.0046948496212650195,19,True
議,0.004651162790697674,1,True
寉,0.004641458290516316,3,True
司,0.004633403278877254,8,True
象,0.004615989093918887,4,True
続,0.004608294930875576,1,True
固,0.004573760709667105,7,True
㐬,0.004573557348097943,8,True
建,0.0045715355200680475,4,True
𢦏,0.00456628969004347,8,True
隻,0.004524774384061239,8,True
六,0.004524001748942548,7,True
忍,0.0045133195307108355,4,True
色,0.0045060904414473335,4,True
組,0.004484304932735426,1,True
都,0.004484304932735426,1,True
歩,0.00445406352669668,8,True
切,0.004431420068027211,3,True
電,0.004424778761061947,1,True
調,0.0043859649122807015,1,True
朮,0.004379891304347826,3,True
風,0.004374436488994962,12,True
指,0.004366812227074236,1,True
免,0.0043607910136934476,15,True
和,0.004337288135593221,2,True
容,0.004331622202905114,7,True
務,0.0043287037037037035,2,True
与,0.00431955496610669,2,True
参,0.004291393932271775,3,True
⻞,0.004287238053422664,29,False
卉,0.0042779284363254205,10,True
臼,0.004276599372391875,33,True
亥,0.004269356544549162,10,True
友,0.004237715260982337,3,True
朝,0.004220735307684059,4,True
治,0.004219409282700422,1,True
袁,0.0042193341183182605,6,True
或,0.004218753084664173,9,True
屋,0.004212413633401727,5,True
充,0.0042122724167158645,3,True
争,0.004206218516618692,5,True
扁,0.004198500059133808,10,True
享,0.004191004775032617,17,True
尃,0.00416519679040765,12,True
景,0.004164957682246715,3,True
兼,0.004132466167623141,11,True
校,0.004132231404958678,1,True
布,0.00410852324836286,8,True
朱,0.00409854426616918,10,True
票,0.004094564409679222,12,True
麻,0.004087143793453516,11,True
枼,0.004074235365311286,9,True
酋,0.00407070880380806,18,True
曷,0.004067909120452793,17,True
産,0.0040650406504065045,1,True
毛,0.004048596472418865,17,True
説,0.004,1,True
約,0.003991050583657588,2,True
缶,0.003986528445301252,20,True
骨,0.003984889165829806,16,True
尗,0.003942725663593664,10,True
昔,0.003934208817178176,7,True
神,0.003917472118959107,3,True
尞,0.00391379329614306,11,True
吊,0.0038923058051082006,4,True
埶,0.0038696437495537943,5,True
任,0.0038615210882924516,7,True
送,0.003845318352059925,2,True
爰,0.003837005628302088,7,True
㝵,0.0038313432835820893,2,True
丙,0.003799662519063001,5,True
確,0.003787878787878788,1,True
电,0.003786914672822028,12,False
君,0.003766542015880075,7,True
鹿,0.0037622587103196357,19,True
苟,0.003750630827816926,5,True
際,0.003745318352059925,1,True
炎,0.00374192254755065,7,True
得,0.0037313432835820895,1,True
進,0.0037313432835820895,1,True
件,0.0037174721189591076,1,True
丰,0.0037157370192279675,11,True
岡,0.003714766170128757,6,True
劦,0.0037104025983951054,4,True
勝,0.003703703703703704,1,True
匂,0.003701527050015227,9,True
彑,0.003699832945851548,17,True
章,0.003698996922095918,8,True
蒦,0.003695953654288632,4,True
位,0.0036842293906810034,2,True
南,0.0036779613540331383,5,True
府,0.003677526559213026,5,True
巛,0.003663956297020958,20,True
権,0.003663003663003663,1,True
然,0.003657650671180569,3,True
敬,0.0036506308278169263,4,True
設,0.0036496350364963502,1,True
運,0.0036496350364963502,1,True
喿,0.0036412503092250735,10,True
攸,0.003629155507726935,11,True
認,0.0036231884057971015,1,True
客,0.003613948497854077,3,True
町,0.0035714285714285713,1,True
過,0.0035714285714285713,1,True
倉,0.0035628458596567623,11,True
路,0.003550997314780011,4,True
貴,0.003547831777342719,8,True
太,0.0035286883807718605,3,True
亘,0.003518003608817328,10,True
並,0.0035175094106804417,4,True
皆,0.0035173553830866104,6,True
料,0.0035087719298245615,1,True
置,0.0035087719298245615,1,True
𠂤,0.0035085065665347716,7,True
登,0.0035072837742435776,8,True
流,0.003484320557491289,1,True
死,0.003478688524590164,3,True
翟,0.0034592222342041115,10,True
采,0.003439147826958914,5,True
島,0.003425806451612903,3,True
論,0.003424657534246575,1,True
常,0.003415434083601286,3,True
夋,0.0033961211052120147,11,True
頼,0.003395336543807577,8,True
左,0.003376455980132981,3,True
異,0.0033642235993794913,6,True
并,0.0033557902827918247,13,True
憂,0.003350437828371278,3,True
万,0.003346753246753247,2,True
終,0.0033444816053511705,1,True
夜,0.003334679889606647,5,True
味,0.0033333333333333335,1,True
復,0.003311946469841207,3,True
計,0.0033003300330033004,1,True
亢,0.003296534242195616,8,True
刑,0.0032836257835493943,3,True
線,0.003278688524590164,1,True
聞,0.003278688524590164,1,True
此,0.0032781358357647744,14,True
离,0.0032725796685589073,10,True
龷,0.003272222639781125,3,False
叔,0.003268117215563288,7,True
店,0.0032679738562091504,1,True
升,0.003266408001327405,5,True
始,0.003257328990228013,1,True
村,0.003257328990228013,1,True
臣,0.003253378416454303,9,True
黒,0.003252303765128733,4,True
禺,0.0032326189059958383,10,True
美,0.00323030303030303,3,True
匹,0.0032272591669195824,12,True
若,0.003224533954126544,5,True
般,0.003220097264438764,6,True
隶,0.0032164768746358865,10,True
兵,0.0032146090934593555,4,True
朿,0.0032104721414186617,6,True
様,0.003205128205128205,1,True
秀,0.0031898353368478485,6,True
巨,0.0031884629834455953,8,True
牙,0.0031780911440913327,10,True
折,0.0031756865671830788,6,True
投,0.0031746031746031746,1,True
片,0.003165794504774025,6,True
状,0.0031645569620253164,1,True
因,0.0031545381572447694,7,True
血,0.003141978057146038,7,True
⺷,0.00313030303030303,2,False
乗,0.0031234302536126066,2,True
午,0.0031231028231028233,5,True
声,0.0031173913043478253,5,True
院,0.003115264797507788,1,True
四,0.0031120481927710843,2,True
愛,0.0031064384555714035,4,True
奴,0.0030965444221022725,9,True
童,0.0030927739820738897,10,True
処,0.0030877271111668654,3,True
格,0.0030864197530864196,1,True
違,0.0030864197530864196,1,True
亜,0.0030800542900979583,3,True
赤,0.0030794001672517163,7,True
着,0.003067484662576687,1,True
念,0.003064808253692864,6,True
卆,0.00304530322984256,8,True
冏,0.0030419203747072588,8,True
疑,0.003040305343970368,6,True
住,0.00303951367781155,1,True
龍,0.0030313740879123704,12,True
垂,0.00302533456830843,8,True
夗,0.0030237000339175773,11,False
㕣,0.003013049220681897,3,True
応,0.0030120481927710845,1,True
屯,0.0029957695579927016,9,True
判,0.0029940119760479044,1,True
込,0.0029850746268656717,1,True
形,0.002976190476190476,1,True
団,0.0029585798816568047,1,True
転,0.0029585798816568047,1,True
彔,0.002940924993052933,2,True
基,0.002932551319648094,1,True
母,0.0029321961620469078,9,True
屈,0.0029310917740579144,6,True
壮,0.0029210460123825946,3,True
俞,0.002917339596068849,5,False
忩,0.0029154518950437317,1,True
総,0.0029154518950437317,1,True
弗,0.002912587162524584,9,True
居,0.0029050288262557557,6,True
役,0.002898550724637681,1,True
帝,0.00289554974877748,8,True
係,0.002890173410404624,1,True
段,0.0028701254275940702,5,True
質,0.0028700831024930746,2,True
彦,0.0028691575559765367,5,True
𠂢,0.002867737044952235,2,True
葉,0.0028653295128939827,1,True
孚,0.0028568663036902596,10,True
差,0.002853124999999999,10,True
留,0.002847318667485525,8,True
竟,0.0028342228969118286,4,True
他,0.0028328611898017,1,True
改,0.0028328611898017,1,True
張,0.0028322404371584698,2,True
伝,0.002824858757062147,1,True
達,0.0028213075060532686,5,True
瓦,0.002812708424774745,19,True
旧,0.0027994955863808323,2,True
親,0.0027954177897574124,2,True
武,0.0027898043466547486,6,True
睘,0.002785112137800727,6,True
黄,0.0027846555993130606,2,True
洛,0.00277379679144385,2,True
起,0.002770083102493075,1,True
呈,0.002769146005509641,6,True
郷,0.002767658977652834,4,True
仕,0.0027624309392265192,1,True
配,0.0027548209366391185,1,True
乇,0.0027522126211050016,5,True
育,0.0027472527472527475,1,True
永,0.002741119267959091,7,True
廷,0.0027408901497482517,6,True
呑,0.00273917435221783,9,True
秋,0.0027357472641637813,10,True
郎,0.0027338309165429375,5,True
農,0.002722567629257661,4,True
追,0.002721307506053269,4,True
族,0.002720185614849187,5,True
夆,0.002718876032680882,9,True
術,0.002717391304347826,1,True
資,0.002717391304347826,1,True
好,0.0027100271002710027,1,True
存,0.0027038461538461535,4,True
即,0.002701444682953423,5,True
佰,0.0026994637143311286,5,True
末,0.0026942144756074734,6,True
将,0.0026912987824811267,4,True
構,0.002688172043010753,1,True
師,0.0026877102015951944,4,True
州,0.0026819602278890754,4,True
頭,0.002680965147453083,1,True
落,0.00267379679144385,1,True
苗,0.0026678841424257645,4,True
髟,0.0026673026886383337,19,True
優,0.0026666666666666666,1,True
供,0.002652519893899204,1,True
局,0.002644529262086514,2,True
呉,0.0026433688598900573,7,True
志,0.002642240615029147,3,True
喬,0.00263917435221783,8,True
済,0.002638522427440633,1,True
号,0.0026330900243309,3,True
戌,0.0026330900243309,3,True
卅,0.0026274873237519428,4,True
検,0.002617801047120419,1,True
䍃,0.0026137907591615053,11,True
旡,0.002609827981206073,6,True
爻,0.002605169157735604,20,True
宿,0.0025994637143311283,4,True
尊,0.0025940643805478125,7,True
委,0.0025914385276798093,8,True
打,0.0025906735751295338,1,True
之,0.0025842826033384667,5,True
価,0.002583979328165375,1,True
戻,0.0025792815760606433,5,True
両,0.002575247524752475,2,True
曼,0.0025727233192986607,12,True
氐,0.002564945057393197,3,True
甚,0.00256456864339407,11,True
尢,0.0025502328034017344,10,True
屰,0.0025501514540835794,8,True
量,0.002549445473401822,2,True
需,0.002537971264208699,12,True
延,0.0025373138232666166,7,True
歳,0.0025330900243309,2,True
坐,0.0025322977605965477,4,True
科,0.0025310023310023307,3,True
丗,0.0025274873237519425,3,True
種,0.0025188916876574307,1,True
守,0.0025141894863954283,2,True
㳟,0.002513692329682455,4,False
暴,0.002513692329682455,4,True
観,0.002512562814070352,1,True
既,0.002509827981206073,5,True
花,0.002508032128514056,6,True
営,0.002506265664160401,1,True
注,0.002506265664160401,1,True
寅,0.002503846153846154,2,True
映,0.0025,1,True
査,0.0024923444976076552,2,True
宗,0.0024915773112282806,7,True
厄,0.0024834945009959606,9,True
助,0.0024790020790020784,5,True
想,0.0024691358024691358,1,True
限,0.0024691358024691358,1,True
㐮,0.002467054586515934,5,True
喜,0.002464938849794466,8,True
命,0.0024640661938534277,2,True
帰,0.0024630541871921183,1,True
尓,0.0024578544670343936,7,True
読,0.0024509803921568627,1,True
尤,0.0024502328034017346,9,True
賞,0.0024398394849314783,2,True
帯,0.0024274873237519427,2,True
態,0.0024271844660194173,1,True
案,0.0024271844660194173,1,True
残,0.0024271844660194173,1,True
備,0.002425581395348837,2,True
職,0.002421307506053269,1,True
巻,0.0024159702295552367,4,True
字,0.0024154589371980675,1,True
難,0.0024141649048625793,4,True
歴,0.0024120458891013375,6,True
為,0.0024115450344958543,2,True
昭,0.0024039083267476113,2,True
写,0.002403846153846154,1,True
演,0.002403846153846154,1,True
皇,0.00240039011703511,12,True
断,0.0023923444976076554,1,True
乎,0.00238310502283105,2,True
急,0.0023752969121140144,1,True
消,0.002369668246445498,1,True
宛,0.002363718433181607,8,True
規,0.0023598272138228944,3,True
側,0.0023584905660377358,1,True
提,0.0023584905660377358,1,True
瓜,0.002353293653226194,11,True
造,0.002352252252252252,2,True
久,0.0023475006974602863,6,True
奐,0.0023423387430996467,5,True
商,0.00234192037470726,1,True
統,0.00234192037470726,1,True
球,0.002336448598130841,1,True
奉,0.002315034184106369,4,True
条,0.0023148148148148147,1,True
研,0.0022988505747126436,1,True
豊,0.002297940350539813,7,True
室,0.0022964360587002094,3,True
到,0.0022958195923091034,3,True
妻,0.002295106017826496,7,True
朋,0.0022855360087424012,9,True
呼,0.00228310502283105,1,True
図,0.0022675736961451248,1,True
彼,0.0022675736961451248,1,True
病,0.0022675736961451248,1,True
医,0.0022661157024793386,3,True
察,0.0022645098825291405,2,True
卒,0.0022570824524312896,13,True
悪,0.0022522522522522522,1,True
技,0.0022522522522522522,1,True
個,0.0022471910112359553,1,True
協,0.0022471910112359553,1,True
昆,0.0022458052583298723,8,True
替,0.0022289752594652776,4,True
隼,0.002224291497975708,3,True
待,0.0022222222222222222,1,True
頃,0.0022176247902597882,5,True
蔵,0.002215360354457657,2,True
波,0.0022114454076718223,4,True
斬,0.0022102963299634863,9,True
卸,0.002204187580316841,4,True
例,0.0022026431718061676,1,True
収,0.0022026431718061676,1,True
星,0.002201868698922252,5,True
菐,0.0021979242979242976,6,True
増,0.002197802197802198,1,True
史,0.0021920502092050206,2,True
護,0.002183406113537118,1,True
老,0.0021771392081736908,10,True
英,0.002176172607879925,4,True
影,0.0021691973969631237,1,True
派,0.0021645021645021645,1,True
究,0.0021645021645021645,1,True
等,0.0021645021645021645,1,True
館,0.0021551724137931034,1,True
験,0.0021551724137931034,1,True
射,0.002151276676030355,3,True
歯,0.002150205439166773,3,True
妾,0.0021484288354898335,4,True
善,0.002142470788499049,3,True
于,0.0021389149750776566,7,True
細,0.002136752136752137,1,True
隊,0.002136737694114466,2,True
離,0.002136659877800407,2,True
像,0.002127659574468085,1,True
型,0.002127659574468085,1,True
割,0.0021231422505307855,1,True
器,0.00211864406779661,1,True
従,0.002117320827238851,2,True
返,0.0021141649048625794,1,True
試,0.002105263157894737,1,True
爿,0.0021000000000000003,21,True
弱,0.002097488677861673,8,True
歌,0.0020920502092050207,1,True
証,0.0020920502092050207,1,True
録,0.0020876826722338203,1,True
肉,0.0020857810498204586,3,True
鬲,0.0020834879918776267,5,True
易,0.0020786815182770595,7,True
春,0.0020778523489932885,5,True
視,0.002074688796680498,1,True
勢,0.002070393374741201,1,True
素,0.002066115702479339,1,True
胡,0.00205616623049468,9,True
虚,0.002048529409395377,6,True
松,0.0020482517482517484,4,True
移,0.002036659877800407,1,True
党,0.002028397565922921,1,True
識,0.002028397565922921,1,True
準,0.0020242914979757085,1,True
普,0.002014984866500919,2,True
滕,0.0020148820326678766,3,True
曹,0.0020121761936997664,6,True
習,0.0020077170418006433,5,True
敢,0.002006041706041706,5,True
巳,0.0020000000000000005,20,True
維,0.001997765553057447,5,True
域,0.001996007984031936,1,True
CDP-8CB8,0.00199203187250996,1,False
企,0.0019880715705765406,1,True
希,0.0019867904565269746,6,True
満,0.001984126984126984,1,True
園,0.0019832391713747646,2,True
展,0.0019825311942959,3,True
除,0.0019801980198019802,1,True
卑,0.0019782659275939724,8,True
宓,0.0019762417022285445,4,True
宣,0.0019688938401760726,6,True
宅,0.001966666666666667,4,True
耑,0.001964256480218281,7,True
福,0.00196078431372549,1,True
敝,0.001959559816785041,8,True
雲,0.001957268810740407,7,True
施,0.001955287569573284,2,True
某,0.0019515249255863591,5,True
禹,0.0019509172964136178,4,True
夏,0.0019479876160990715,5,True
算,0.0019421602787456447,3,True
座,0.001941620626151013,2,True
夅,0.0019305019305019305,1,True
宮,0.0019305019305019305,1,True
製,0.0019305019305019305,1,True
降,0.0019305019305019305,1,True
奄,0.0019268274532354636,8,True
類,0.0019230769230769232,1,True
息,0.001922919300090674,3,True
卬,0.0019227679521305469,2,True
㐭,0.0019172839506172844,14,False
殺,0.0019157088122605363,1,True
率,0.0019148820326678766,2,True
昌,0.0019140431731522966,7,True
敫,0.0019104372355430185,6,True
豸,0.0019086469989827064,15,True
亭,0.0019034051589150545,3,True
含,0.0018977928692699491,3,True
望,0.001893939393939394,1,True
編,0.001893939393939394,1,True
退,0.0018920473773265652,3,True
独,0.0018867924528301887,1,True
買,0.0018867924528301887,1,True
休,0.0018836795252225522,5,True
値,0.0018832391713747645,1,True
華,0.0018822700881467125,5,True
負,0.0018796992481203006,1,True
載,0.0018778523489932886,3,True
叚,0.001874656133803828,9,True
答,0.001873049645390071,2,True
領,0.001873049645390071,2,True
評,0.0018726591760299626,1,True
旬,0.0018708266396232885,9,True
夹,0.0018695854537218678,3,False
⺗,0.001868392769312146,4,False
丆,0.0018656716417910447,1,False
叟,0.0018602840359663432,7,True
深,0.0018587360594795538,1,True
銀,0.0018587360594795538,1,True
賁,0.0018573331138593203,5,True
撃,0.0018552875695732839,1,True
横,0.0018552875695732839,1,True
談,0.001851851851851852,1,True
就,0.0018502328034017345,3,True
尭,0.0018493417880645919,3,True
接,0.0018484288354898336,1,True
速,0.0018484288354898336,1,True
防,0.0018484288354898336,1,True
管,0.0018450184501845018,1,True
著,0.0018420361247947455,3,True
貫,0.0018386614272359325,4,True
冘,0.001836917979672643,7,True
境,0.001834862385321101,1,True
根,0.001834862385321101,1,True
策,0.001834862385321101,1,True
契,0.0018342136402190645,4,True
𠂇,0.0018248175182481751,1,False
程,0.0018181818181818182,1,True
藤,0.0018148820326678765,1,True
卓,0.0018117722998552016,8,True
修,0.0018094017094017094,2,True
寿,0.0018004698213719425,7,True
諸,0.0018002769740093011,3,True
舎,0.001796150599576012,2,True
衛,0.0017921146953405018,1,True
筑,0.001791922040571293,2,True
斥,0.001786986295786715,5,True
覚,0.0017863406408094435,2,True
警,0.0017857142857142857,1,True
執,0.0017806573091407054,5,True
働,0.0017761989342806395,1,True
旅,0.0017722408026755853,2,True
恵,0.0017720123974389657,2,True
亟,0.0017666666666666668,2,True
柬,0.0017618133686300467,12,True
敕,0.0017600624024961,3,True
笑,0.0017574692442882249,1,True
顔,0.0017574692442882249,1,True
弟,0.0017548523206751057,8,True
属,0.0017509172964136177,2,True
禁,0.0017507078043327224,3,True
挙,0.0017482517482517483,1,True
鉄,0.0017452006980802793,1,True
戉,0.0017408320493066257,3,True
兹,0.0017347363491189544,3,False
耒,0.0017310229094326683,9,True
却,0.0017309034972763284,2,True
振,0.0017301038062283738,1,True
紙,0.0017301038062283738,1,True
飛,0.0017286644951140066,2,True
戊,0.0017247959949170967,7,True
裁,0.0017245014245014247,4,True
壴,0.00172290604844334,7,True
減,0.0017152658662092624,1,True
導,0.0017094017094017094,1,True
低,0.0017064846416382253,1,True
危,0.0017054830287206268,5,True
兪,0.0017032258064516134,14,True
堯,0.0017000000000000006,17,True
辺,0.001697792869269949,1,True
焦,0.0016963803385741873,6,True
駅,0.001694915254237288,1,True
渡,0.0016891891891891893,1,True
竜,0.0016891499321870763,4,True
戔,0.0016866976024748652,14,True
費,0.0016806722689075631,1,True
凡,0.0016718641883509775,4,True
𬀷,0.0016682242990654207,6,False
徴,0.0016673492812321446,2,True
極,0.0016666666666666668,1,True
版,0.001658374792703151,1,True
溥,0.0016574476004373416,3,True
担,0.0016556291390728477,1,True
省,0.001652892561983471,1,True
突,0.001652892561983471,1,True
週,0.001652892561983471,1,True
階,0.001652892561983471,1,True
貞,0.0016459209765599236,6,True
装,0.001644736842105263,1,True
材,0.0016420361247947454,1,True
闌,0.0016365260123082075,6,True
寄,0.0016313213703099511,1,True
益,0.0016261261261261263,6,True
姿,0.0016260162601626016,1,True
故,0.0016243902439024391,2,True
補,0.0016233766233766235,1,True
労,0.0016207455429497568,1,True
効,0.0016207455429497568,1,True
致,0.0016165734968214896,2,True
康,0.0016123359580052495,4,True
迷,0.001611918799819338,2,True
奚,0.0016059403230221738,7,True
積,0.0016015015015015015,2,True
僉,0.0016000000000000005,16,True
橋,0.0016,1,True
香,0.0015966480446927376,3,True
響,0.001594896331738437,1,True
戒,0.0015903799969237313,3,True
御,0.0015903129657228018,2,True
乞,0.0015890831726613924,6,True
唐,0.0015847892714062348,4,True
株,0.001584786053882726,1,True
灰,0.0015821267528350776,4,True
昷,0.0015814814814814815,2,True
温,0.0015814814814814815,2,True
節,0.0015814814814814815,2,True
它,0.0015780346820809252,11,True
彖,0.0015710801393728224,8,True
荅,0.0015703661231405545,5,True
源,0.0015698587127158557,1,True
船,0.0015698587127158557,1,True
散,0.001567427122940431,4,True
援,0.0015625,1,True
述,0.0015625,1,True
便,0.0015619883040935672,2,True
敏,0.0015602451241581291,2,True
整,0.0015600624024961,1,True
城,0.0015552099533437014,1,True
環,0.0015503875968992248,1,True
財,0.0015503875968992248,1,True
胃,0.001548564870996676,6,True
昏,0.0015458950201884254,3,True
抜,0.0015455950540958269,1,True
敖,0.0015442470013327413,9,True
席,0.0015432098765432098,1,True
越,0.0015408320493066256,1,True
願,0.0015408320493066256,1,True
奞,0.0015395734824142045,2,True
養,0.0015391573729863694,4,True
児,0.0015384615384615385,1,True
豦,0.0015360939431396786,4,True
雇,0.0015360521160960572,2,True
途,0.0015337423312883436,1,True
粦,0.0015330578512396695,6,True
精,0.0015313935681470138,1,True
帛,0.0015307177458066257,5,True
競,0.0015267175572519084,1,True
崔,0.0015254901960784315,4,True
許,0.0015245014245014246,2,True
健,0.001524390243902439,1,True
佐,0.0015220700152207,1,True
夸,0.001520980533525595,9,True
被,0.0015174506828528073,1,True
荒,0.0015084691927580982,2,True
興,0.0015082956259426848,1,True
絶,0.0015060240963855422,1,True
織,0.0015060240963855422,1,True
囚,0.0015015045135406222,11,True
適,0.0015015015015015015,1,True
熱,0.0014992503748125937,1,True
孰,0.0014959440260018295,3,True
紀,0.0014925373134328358,1,True
級,0.0014925373134328358,1,True
敗,0.0014903129657228018,1,True
江,0.001488888888888889,2,True
破,0.001488095238095238,1,True
薬,0.001488095238095238,1,True
標,0.0014858841010401188,1,True
換,0.001483679525222552,1,True
苦,0.001483679525222552,1,True
囲,0.0014814814814814814,1,True
洋,0.0014792899408284023,1,True
税,0.0014771048744460858,1,True
森,0.0014749262536873156,1,True
背,0.0014749262536873156,1,True
攻,0.0014705882352941176,1,True
芸,0.0014705882352941176,1,True
巷,0.001464256480218281,2,True
沢,0.0014641288433382138,1,True
卦,0.0014614401858304299,4,True
遠,0.0014577259475218659,1,True
尼,0.0014574742947710063,5,True
勇,0.0014562712507376289,3,True
険,0.001455604075691412,1,True
雪,0.0014548523206751056,5,True
庫,0.0014534883720930232,1,True
鮮,0.001451564455569462,3,True
互,0.0014438413361169103,5,True
静,0.0014422818791946308,2,True
斿,0.001436898395721925,2,True
服,0.0014333333333333333,2,True
探,0.0014326647564469914,1,True
額,0.001430615164520744,1,True
押,0.0014265335235378032,1,True
富,0.0014184397163120568,1,True
授,0.0014184397163120568,1,True
超,0.0014184397163120568,1,True
冒,0.0014178326602143651,3,True
軽,0.0014124293785310734,1,True
推,0.0014104372355430183,1,True
況,0.0014104372355430183,1,True
激,0.0014104372355430183,1,True
厓,0.0014094681222439796,5,True
舞,0.0014084507042253522,1,True
堂,0.0014077294685990338,3,True
療,0.0014044943820224719,1,True
密,0.0014020833333333333,2,True
婁,0.0014000000000000004,14,True
齊,0.0014000000000000004,14,True
齒,0.0014000000000000004,14,True
遺,0.0013986013986013986,1,True
課,0.001394700139470014,1,True
順,0.001394700139470014,1,True
典,0.0013933174224343677,3,True
串,0.0013914389204724125,2,True
給,0.001388888888888889,1,True
板,0.0013869625520110957,1,True
督,0.0013774104683195593,1,True
略,0.001375515818431912,1,True
訪,0.001375515818431912,1,True
夾,0.0013724053391446474,12,True
雑,0.0013717421124828531,1,True
坴,0.0013698630136986301,1,True
陸,0.0013698630136986301,1,True
盾,0.001368338006004706,4,True
港,0.001364256480218281,1,True
端,0.001364256480218281,1,True
咢,0.0013608294930875578,10,True
㔾,0.0013587485515643106,3,False
虎,0.0013565988181221274,8,True
印,0.0013550135501355014,1,True
短,0.0013531799729364006,1,True
尉,0.0013515352985198057,4,True
幕,0.001349425287356322,3,True
庶,0.0013474719666957634,5,True
婚,0.0013458950201884253,1,True
崎,0.0013404825737265416,1,True
困,0.0013402508551881415,3,True
麦,0.001338884693197428,4,True
模,0.0013386880856760374,1,True
遊,0.001336898395721925,1,True
庄,0.0013327428338283157,3,True
旁,0.0013285355122564428,8,True
夢,0.0013285012285012285,2,True
清,0.0013280212483399733,1,True
河,0.0013245033112582781,1,True
圧,0.0013192612137203166,1,True
酒,0.0013192612137203166,1,True
継,0.0013175230566534915,1,True
丑,0.0013170174815646703,7,True
拡,0.0013123359580052493,1,True
菫,0.0013111111111111112,3,True
障,0.00130718954248366,1,True
幹,0.0013062726176115802,2,True
盛,0.0013003901170351106,1,True
區,0.0013000000000000004,13,True
巫,0.0013000000000000004,13,True
盧,0.0013000000000000004,13,True
黑,0.0013000000000000004,13,True
街,0.0012953367875647669,1,True
討,0.0012947431302270012,2,True
睪,0.0012945303210463734,8,True
照,0.0012903225806451613,1,True
賛,0.0012865248226950354,5,True
冷,0.0012853470437017994,1,True
講,0.0012836970474967907,1,True
飲,0.0012836970474967907,1,True
逆,0.001282051282051282,1,True
審,0.001279245283018868,2,True
刻,0.0012787723785166241,1,True
否,0.0012750881316098707,2,True
逢,0.0012742142428578023,4,True
倒,0.0012690355329949238,1,True
津,0.0012690355329949238,1,True
草,0.0012690355329949238,1,True
匀,0.0012689922480620156,4,True
遣,0.0012672358591248668,3,True
厳,0.0012655011655011655,2,True
陏,0.0012642998931134525,3,True
紹,0.0012642225031605564,1,True
聴,0.0012614401858304298,2,True
尾,0.001260092807424594,2,True
析,0.0012598452278589855,5,True
絵,0.0012578616352201257,1,True
称,0.0012531328320802004,1,True
払,0.0012515644555694619,1,True
輪,0.0012515644555694619,1,True
湯,0.0012505703422053232,4,True
庭,0.00125,1,True
裏,0.00125,1,True
欲,0.001248105625717566,2,True
衆,0.0012453300124533001,1,True
販,0.0012453300124533001,1,True
昨,0.0012437810945273632,1,True
沓,0.001242752867570386,3,True
植,0.0012406947890818859,1,True
焼,0.0012406947890818859,1,True
訳,0.0012391573729863693,1,True
博,0.0012376237623762376,1,True
劇,0.0012360939431396785,1,True
㇑,0.0012345679012345679,1,False
曜,0.0012330456226880395,1,True
候,0.0012315270935960591,1,True
札,0.0012299435028248588,2,True
肋,0.0012299435028248588,2,True
奥,0.001228668171557562,2,True
削,0.0012285012285012285,1,True
婦,0.0012285012285012285,1,True
針,0.0012285012285012285,1,True
幼,0.001227643784786642,4,True
催,0.0012254901960784314,1,True
罪,0.0012239902080783353,1,True
阪,0.0012224938875305623,1,True
項,0.001221001221001221,1,True
築,0.0012195121951219512,1,True
緒,0.0012195121951219512,1,True
署,0.0012193679918450562,3,True
創,0.001218026796589525,1,True
練,0.001218026796589525,1,True
亶,0.001217283950617284,7,True
仲,0.001215066828675577,1,True
闘,0.001215066828675577,1,True
僕,0.0012111111111111112,2,True
勤,0.0012111111111111112,2,True
匈,0.0012074410163339382,4,True
爆,0.0012062726176115801,1,True
殿,0.001204977375565611,4,True
茶,0.0012033694344163659,1,True
似,0.001201923076923077,1,True
依,0.001201923076923077,1,True
詳,0.001201923076923077,1,True
季,0.0012013215859030838,2,True
描,0.0012004801920768306,1,True
單,0.0012000000000000003,12,True
炏,0.0012000000000000003,12,False
翏,0.0012000000000000003,12,True
韭,0.0012000000000000003,12,True
𤇾,0.0012000000000000003,12,True
迎,0.0011976047904191617,1,True
徒,0.0011961722488038277,1,True
柔,0.001194912559618442,5,True
肙,0.0011948045522018804,8,True
承,0.0011947431302270011,1,True
航,0.0011947431302270011,1,True
畜,0.0011922333702045823,2,True
岩,0.0011890606420927466,1,True
房,0.0011890606420927466,1,True
誌,0.0011890606420927466,1,True
採,0.0011862396204033216,1,True
孫,0.0011854585417330112,2,True
弾,0.001182033096926714,1,True
乱,0.0011792452830188679,1,True
捕,0.001176470588235294,1,True
避,0.001176470588235294,1,True
伐,0.0011747715352691346,3,True
抗,0.0011737089201877935,1,True
恐,0.0011723329425556857,1,True
侯,0.0011711365144505678,4,True
掲,0.0011695906432748538,1,True
撮,0.0011695906432748538,1,True
浜,0.0011695906432748538,1,True
測,0.0011695906432748538,1,True
傷,0.0011682242990654205,1,True
油,0.0011682242990654205,1,True
請,0.0011682242990654205,1,True
朔,0.0011681001720322973,6,True
閣,0.0011649627263045795,2,True
奈,0.0011615711252653928,2,True
掛,0.0011614401858304297,1,True
眞,0.001159268861809697,10,True
犯,0.0011587485515643105,1,True
岸,0.0011534025374855825,1,True
寧,0.0011523157208088717,6,True
忘,0.001152073732718894,1,True
浮,0.0011494252873563218,1,True
輸,0.0011494252873563218,1,True
陽,0.0011494252873563218,1,True
納,0.001148105625717566,1,True
宇,0.0011467889908256881,1,True
携,0.0011467889908256881,1,True
隽,0.0011467889908256881,1,True
複,0.001145475372279496,1,True
如,0.0011440476190476192,5,True
徳,0.001142857142857143,1,True
筆,0.001142857142857143,1,True
辞,0.001142857142857143,1,True
脱,0.0011402508551881414,1,True
惑,0.0011389521640091116,1,True
索,0.0011389521640091116,1,True
聖,0.0011384215991692627,2,True
痛,0.0011376564277588168,1,True
秘,0.0011363636363636363,1,True
逃,0.0011363636363636363,1,True
廃,0.0011337868480725624,1,True
池,0.0011337868480725624,1,True
賓,0.00113308791684712,8,True
壊,0.0011325028312570782,1,True
丩,0.0011304801910397937,2,True
伊,0.0011299435028248588,1,True
筋,0.0011299435028248588,1,True
垔,0.0011291873963515755,4,True
停,0.0011235955056179776,1,True
簡,0.0011235955056179776,1,True
慮,0.0011233610341643582,3,True
倍,0.001122334455667789,1,True
枚,0.001122334455667789,1,True
震,0.001122334455667789,1,True
宁,0.0011199424046076313,5,True
誰,0.0011198208286674132,1,True
律,0.0011193679918450562,2,True
奏,0.0011191176470588236,3,True
拠,0.0011185682326621924,1,True
跡,0.0011185682326621924,1,True
厷,0.0011173184357541898,1,True
雄,0.0011173184357541898,1,True
堅,0.0011153075822603721,5,True
脳,0.0011148272017837235,1,True
习,0.0011135857461024498,1,False
融,0.0011123470522803114,1,True
隠,0.0011123470522803114,1,True
蜀,0.0011120327700972865,7,True
敵,0.0011098779134295228,1,True
染,0.0011098779134295228,1,True
栗,0.001109197864749781,3,True
匊,0.0011087172218284904,5,True
遅,0.0011086474501108647,1,True
刊,0.0011061946902654867,1,True
混,0.0011049723756906078,1,True
絡,0.0011037527593818985,1,True
伸,0.0011025358324145535,1,True
底,0.0011013215859030838,1,True
CDP-8BD0,0.0011000000000000003,11,False
䜌,0.0011000000000000003,11,True
匃,0.0011000000000000003,11,True
專,0.0011000000000000003,11,True
抱,0.0010976948408342481,1,True
功,0.001095290251916758,1,True
訴,0.001095290251916758,1,True
娘,0.001092896174863388,1,True
坂,0.001091703056768559,1,True
群,0.001091703056768559,1,True
齢,0.0010905125408942203,1,True
臭,0.0010891423743134769,2,True
罔,0.0010849293563579279,4,True
閉,0.0010834236186348862,1,True
露,0.0010834236186348862,1,True
寝,0.0010822510822510823,1,True
快,0.0010822510822510823,1,True
暮,0.001081081081081081,1,True
層,0.001075268817204301,1,True
厚,0.0010741138560687433,1,True
舜,0.0010726003490401396,3,True
億,0.0010718113612004287,1,True
樹,0.0010706638115631692,1,True
触,0.0010695187165775401,1,True
疾,0.0010679914760669915,2,True
雁,0.0010675368898978434,6,True
暗,0.0010660980810234541,1,True
沙,0.0010648936170212767,5,True
庁,0.0010626992561105207,1,True
豪,0.0010605851979345955,3,True
矣,0.0010583472920156337,6,True
縣,0.0010576329331046313,3,True
冥,0.001056829602558246,7,True
批,0.001053740779768177,1,True
幅,0.0010526315789473684,1,True
扱,0.0010526315789473684,1,True
賀,0.0010526315789473684,1,True
恋,0.001049317943336831,1,True
栄,0.0010482180293501049,1,True
救,0.0010471204188481676,1,True
純,0.0010460251046025104,1,True
績,0.0010460251046025104,1,True
弯,0.0010433962264150944,2,True
副,0.0010427528675703858,1,True
踏,0.0010427528675703858,1,True
仮,0.0010395010395010396,1,True
畀,0.0010380073800738006,4,True
鼻,0.0010380073800738006,4,True
晴,0.0010351966873706005,1,True
券,0.001034126163391934,1,True
稿,0.001034126163391934,1,True
覧,0.0010330578512396695,1,True
隣,0.0010330578512396695,1,True
微,0.0010328358208955223,2,True
礼,0.0010309278350515464,1,True
嫌,0.0010298661174047373,1,True
摘,0.0010298661174047373,1,True
崩,0.001029368029739777,2,True
締,0.00102880658436214,1,True
届,0.001026694045174538,1,True
辱,0.0010260389268805892,6,True
威,0.0010257638315441784,3,True
那,0.0010257638315441784,3,True
択,0.0010256410256410256,1,True
麗,0.001023589001447178,4,True
操,0.0010235414534288639,1,True
仏,0.0010224948875255625,1,True
憲,0.0010224948875255625,1,True
症,0.0010224948875255625,1,True
阿,0.0010203445447087777,3,True
昇,0.0010111223458038423,1,True
盤,0.00101010101010101,1,True
遂,0.0010072135785007073,4,True
衰,0.001006060606060606,5,True
敷,0.001006036217303823,1,True
旉,0.001006036217303823,1,True
沖,0.001004016064257028,1,True
韓,0.001004016064257028,1,True
羅,0.0010037297677691767,4,True
籍,0.0010030090270812437,1,True
浦,0.0010017132551848511,2,True
宝,0.001001001001001001,1,True
飯,0.001001001001001001,1,True
壽,0.0010000000000000002,10,True
巠,0.0010000000000000002,10,True
襄,0.0010000000000000002,10,True
詹,0.0010000000000000002,10,True
損,0.001,1,True
献,0.0009970089730807576,1,True
繰,0.00099601593625498,1,True
盟,0.0009900990099009901,1,True
躍,0.0009891196834817012,1,True
泊,0.0009873114463176576,2,True
核,0.0009861932938856016,1,True
災,0.0009852216748768472,1,True
吸,0.000984251968503937,1,True
陣,0.0009823182711198428,1,True
頂,0.0009765625,1,True
刺,0.000975609756097561,1,True
吹,0.0009746588693957114,1,True
貨,0.0009727626459143969,1,True
迫,0.0009727626459143969,1,True
駆,0.0009727626459143969,1,True
冢,0.0009726003490401397,2,True
縁,0.0009710801393728223,2,True
壁,0.0009699321047526673,1,True
緊,0.0009699321047526673,1,True
均,0.0009689922480620155,1,True
借,0.000966183574879227,1,True
悲,0.000966183574879227,1,True
柄,0.0009652509652509653,1,True
謝,0.0009643201542912247,1,True
誘,0.0009633911368015414,1,True
魔,0.0009615384615384616,1,True
縮,0.0009606147934678194,1,True
腹,0.0009596928982725527,1,True
郵,0.0009596928982725527,1,True
荷,0.0009587727708533077,1,True
隆,0.000958150113722517,3,True
熊,0.0009561643835616438,2,True
克,0.0009540222367560499,4,True
概,0.0009523809523809524,1,True
腕,0.0009505703422053232,1,True
妙,0.000949667616334283,1,True
範,0.000949667616334283,1,True
洗,0.0009478672985781991,1,True
翌,0.0009442870632672333,1,True
湾,0.0009433962264150943,1,True
伏,0.0009418397626112761,3,True
燃,0.0009398496240601503,1,True
臨,0.0009389671361502347,1,True
薄,0.0009363295880149813,1,True
旗,0.0009326394671107411,2,True
伴,0.0009319664492078285,1,True
昼,0.0009319664492078285,1,True
爾,0.0009312355084465056,7,True
窓,0.000931098696461825,1,True
杯,0.0009302325581395349,1,True
儀,0.0009293680297397769,1,True
於,0.000928541226215645,5,True
傾,0.0009285051067780873,1,True
捜,0.0009285051067780873,1,True
距,0.0009285051067780873,1,True
渉,0.000925925925925926,1,True
砂,0.000925925925925926,1,True
募,0.0009242144177449168,1,True
亚,0.0009237232289950577,2,False
誤,0.0009233610341643582,1,True
鳴,0.0009233610341643582,1,True
陰,0.0009216926869350863,2,True
滅,0.0009216589861751152,1,True
郡,0.0009216589861751152,1,True
眼,0.0009208103130755065,1,True
封,0.0009203445447087778,2,True
患,0.0009199632014719411,1,True
詰,0.0009182736455463728,1,True
貢,0.0009178750897343862,3,True
濃,0.0009174311926605505,1,True
杉,0.0009169934640522877,2,True
菜,0.0009165902841429881,1,True
尋,0.0009158196134574088,3,True
診,0.0009149130832570906,1,True
脚,0.0009132420091324201,1,True
頻,0.000912369871402327,4,True
誕,0.0009099181073703367,1,True
酸,0.0009090909090909091,1,True
怒,0.0009082652134423251,1,True
裕,0.0009082652134423251,1,True
乳,0.0009074410163339383,1,True
胸,0.0009074410163339383,1,True
貸,0.0009057971014492754,1,True
沿,0.0009049773755656109,1,True
瀬,0.0009049773755656109,1,True
獲,0.0009041591320072332,1,True
楚,0.0009038585209003216,2,True
宙,0.0009025270758122744,1,True
眠,0.0009025270758122744,1,True
併,0.0009000900090009,1,True
兒,0.0009000000000000002,9,True
刄,0.0009000000000000002,9,True
賣,0.0009000000000000002,9,True
黃,0.0009000000000000002,9,True
𥁕,0.0009000000000000002,9,True
𦥑,0.0009000000000000002,9,True
床,0.0008984725965858042,1,True
縄,0.0008984725965858042,1,True
艦,0.0008984725965858042,1,True
邦,0.0008968609865470852,1,True
驚,0.0008968609865470852,1,True
塩,0.0008952551477170994,1,True
秒,0.0008936550491510277,1,True
較,0.0008928571428571428,1,True
仁,0.0008917656373713381,2,True
握,0.00089126559714795,1,True
詩,0.0008904719501335708,1,True
購,0.0008904719501335708,1,True
袋,0.0008896797153024911,1,True
襲,0.0008873114463176575,1,True
努,0.0008865248226950354,1,True
祖,0.0008865248226950354,1,True
剣,0.0008857395925597874,1,True
雷,0.0008854009595613434,3,True
釈,0.0008849557522123894,1,True
弁,0.0008849315068493152,3,True
雍,0.0008810575246949449,4,True
鼓,0.0008810575246949448,4,True
累,0.000880769230769231,5,True
忝,0.00088003120124805,2,True
奪,0.0008795074758135445,1,True
液,0.0008795074758135445,1,True
巡,0.0008787346221441124,1,True
招,0.0008787346221441124,1,True
須,0.0008782101167315176,2,True
勉,0.000877963125548727,1,True
箱,0.0008756567425569177,1,True
徹,0.0008741258741258741,1,True
揮,0.0008741258741258741,1,True
梅,0.0008741258741258741,1,True
姉,0.0008733624454148472,1,True
塚,0.0008726003490401396,1,True
瞬,0.0008726003490401396,1,True
悩,0.0008695652173913044,1,True
預,0.0008686395080707149,2,True
憶,0.0008680555555555555,1,True
髪,0.0008673026886383347,1,True
欧,0.0008665511265164644,1,True
盗,0.0008665511265164644,1,True
狙,0.0008658008658008658,1,True
抑,0.0008650519031141869,1,True
捨,0.0008650519031141869,1,True
尽,0.0008639419404125287,2,True
汚,0.0008635578583765112,1,True
浅,0.0008620689655172414,1,True
亀,0.0008616146230007617,2,True
慣,0.0008598452278589854,1,True
怖,0.000859106529209622,1,True
晃,0.0008587615283267458,3,True
懸,0.0008576329331046312,1,True
看,0.0008576329331046312,1,True
浴,0.000856898029134533,1,True
漢,0.000856898029134533,1,True
忠,0.0008547008547008547,1,True
衝,0.0008539709649871904,1,True
緑,0.0008532423208191126,1,True
駐,0.000851063829787234,1,True
桜,0.0008496176720475786,1,True
排,0.0008488964346349745,1,True
柳,0.0008488964346349745,1,True
趣,0.0008481764206955047,1,True
侵,0.000846740050804403,1,True
狂,0.000846268656716418,2,True
虐,0.000845577792123951,3,True
堇,0.000844247001332741,5,False
贈,0.0008434944237918216,2,True
棄,0.0008431703204047217,1,True
宜,0.0008430868167202573,3,True
彭,0.0008418485237483953,3,True
騒,0.0008417508417508417,1,True
后,0.0008405405405405407,4,True
祝,0.0008389261744966443,1,True
芳,0.0008381620931716657,3,True
妹,0.0008375209380234506,1,True
粉,0.0008363770250368189,2,True
肩,0.0008361204013377926,1,True
飾,0.0008361204013377926,1,True
輝,0.000835421888053467,1,True
還,0.0008347245409015025,1,True
鈴,0.0008340283569641367,1,True
勧,0.0008333333333333334,1,True
双,0.0008333333333333334,1,True
哲,0.0008326394671107411,1,True
泣,0.0008319467554076539,1,True
爪,0.0008299417064122948,4,True
賃,0.0008298755186721991,1,True
煙,0.0008291873963515755,1,True
弘,0.000828862973760933,2,True
剤,0.0008278145695364238,1,True
訓,0.0008278145695364238,1,True
紅,0.0008271298593879239,1,True
債,0.0008264462809917355,1,True
盍,0.0008254860746190226,4,True
哀,0.0008246096189881325,3,True
卵,0.000824112961622013,2,True
霊,0.0008237232289950577,1,True
寒,0.0008230452674897119,1,True
僚,0.0008216926869350862,1,True
挑,0.0008216926869350862,1,True
湖,0.0008216926869350862,1,True
繁,0.0008216926869350862,1,True
彩,0.0008203445447087777,1,True
譲,0.0008203445447087777,1,True
履,0.000819000819000819,1,True
枠,0.0008156606851549756,1,True
腰,0.0008156606851549756,1,True
怪,0.0008149959250203749,1,True
乏,0.0008123698714023271,3,True
漫,0.0008116883116883117,1,True
妥,0.0008112469437652813,3,True
銃,0.0008110300081103001,1,True
疲,0.0008103727714748784,1,True
透,0.0008103727714748784,1,True
埋,0.0008097165991902834,1,True
仙,0.0008084074373484236,1,True
舄,0.000808215297450425,2,True
銭,0.0008064516129032258,1,True
稲,0.0008058017727639,1,True
毒,0.0008038585209003215,1,True
礎,0.0008038585209003215,1,True
芝,0.0008038585209003215,1,True
潮,0.0008032128514056225,1,True
柱,0.0008012820512820513,1,True
詞,0.0008012820512820513,1,True
來,0.0008000000000000001,8,True
樂,0.0008000000000000001,8,True
爭,0.0008000000000000001,8,True
與,0.0008000000000000001,8,True
豈,0.0008000000000000001,8,True
没,0.0008,1,True
鏡,0.0007993605115907274,1,True
逮,0.0007983240223463688,2,True
潜,0.0007974481658692185,1,True
控,0.0007955449482895784,1,True
綱,0.0007955449482895784,1,True
俺,0.000794912559618442,1,True
沈,0.000794912559618442,1,True
猫,0.0007930214115781126,1,True
償,0.000792393026941363,1,True
誠,0.000792393026941363,1,True
唱,0.000791765637371338,1,True
渋,0.000791765637371338,1,True
帳,0.0007911392405063291,1,True
潘,0.0007896551724137931,2,True
漁,0.0007886435331230284,1,True
智,0.0007880220646178094,1,True
託,0.0007855459544383347,1,True
網,0.0007849293563579278,1,True
俳,0.000784313725490196,1,True
圏,0.00078125,1,True
䩗,0.0007811989100817439,2,False
臓,0.00078064012490242,1,True
涙,0.00078003120124805,1,True
添,0.00078003120124805,1,True
貧,0.000779423226812159,1,True
輩,0.000778816199376947,1,True
堀,0.0007776049766718507,1,True
揚,0.0007763975155279503,1,True
枝,0.0007763975155279503,1,True
畑,0.0007751937984496124,1,True
揺,0.000774593338497289,1,True
炭,0.000774593338497289,1,True
頑,0.000774593338497289,1,True
摩,0.0007739938080495357,1,True
孟,0.0007734006734006735,2,True
狭,0.0007727975270479134,1,True
偽,0.0007722007722007722,1,True
拝,0.0007722007722007722,1,True
砲,0.0007710100231303007,1,True
戎,0.0007707762557077625,3,True
坊,0.0007698229407236335,1,True
促,0.0007692307692307692,1,True
耐,0.0007692307692307692,1,True
駄,0.0007692307692307692,1,True
孤,0.0007688963210702341,2,True
滑,0.0007686395080707148,1,True
獄,0.0007662225183211193,2,True
烝,0.0007653359946773121,2,True
晩,0.0007651109410864575,1,True
珍,0.0007651109410864575,1,True
葬,0.0007651109410864575,1,True
拒,0.0007639419404125286,1,True
宰,0.0007636978579481399,3,True
裂,0.0007633587786259542,1,True
孛,0.0007627487274409996,4,True
黙,0.0007621951219512195,1,True
絞,0.0007616146230007616,1,True
魅,0.0007616146230007616,1,True
慢,0.00076103500761035,1,True
唯,0.0007604562737642585,1,True
括,0.0007604562737642585,1,True
姫,0.0007593014426727411,1,True
岐,0.0007593014426727411,1,True
牧,0.0007564296520423601,1,True
雅,0.0007564296520423601,1,True
曇,0.0007555555555555556,3,True
鑑,0.0007547169811320754,1,True
釣,0.0007541478129713424,1,True
序,0.0007535795026375283,1,True
歓,0.0007535795026375283,1,True
沼,0.0007535795026375283,1,True
顧,0.0007535795026375283,1,True
鶴,0.0007535795026375283,1,True
冠,0.0007531678641410843,2,True
硬,0.0007530120481927711,1,True
滞,0.0007524454477050414,1,True
晶,0.0007523157208088715,2,True
抵,0.0007518796992481203,1,True
殊,0.0007518796992481203,1,True
脊,0.0007516711833785005,4,True
條,0.0007515719801434087,3,True
俊,0.0007507507507507507,1,True
慎,0.0007501875468867217,1,True
茂,0.0007501875468867217,1,True
灯,0.0007485029940119761,1,True
稼,0.0007485029940119761,1,True
翼,0.0007485029940119761,1,True
飼,0.0007479431563201197,1,True
舗,0.0007462686567164179,1,True
踊,0.0007451564828614009,1,True
咲,0.0007434944237918215,1,True
暖,0.000741839762611276,1,True
羔,0.0007416961130742051,4,True
械,0.0007401924500370096,1,True
乾,0.0007396449704142012,1,True
掘,0.0007363770250368188,1,True
邪,0.0007352941176470588,1,True
慶,0.0007347538574577516,1,True
往,0.0007342143906020558,1,True
棒,0.0007336757153338225,1,True
斎,0.0007326007326007326,1,True
氷,0.0007326007326007326,1,True
緩,0.0007293946024799417,1,True
誉,0.0007288629737609329,1,True
郭,0.0007288207297726071,3,True
胞,0.000727802037845706,1,True
塗,0.0007272727272727272,1,True
涂,0.0007272727272727272,1,True
彫,0.000725782227784731,2,True
仰,0.0007251631617113851,1,True
丹,0.000724112961622013,1,True
桀,0.000723286237571952,3,True
勘,0.0007230657989877079,1,True
懐,0.0007230657989877079,1,True
垣,0.000722543352601156,1,True
塁,0.000722543352601156,1,True
悟,0.000722543352601156,1,True
熟,0.000722543352601156,1,True
刷,0.0007220216606498195,1,True
墓,0.0007220216606498195,1,True
掃,0.0007215007215007215,1,True
誇,0.0007209805335255948,1,True
貯,0.0007199424046076314,1,True
葛,0.0007180469715698393,2,True
浪,0.0007163323782234957,1,True
縦,0.0007147962830593281,1,True
泳,0.0007132667617689016,1,True
邸,0.0007117437722419929,1,True
紛,0.0007112375533428165,1,True
閏,0.0007108735491753208,2,True
陥,0.0007107320540156361,1,True
叫,0.0007087172218284905,1,True
菊,0.0007087172218284905,1,True
賢,0.0007087172218284905,1,True
皃,0.000708646998982706,3,True
愈,0.0007086427267194158,2,True
潟,0.000708215297450425,1,True
磨,0.000708215297450425,1,True
肝,0.0007072135785007072,1,True
随,0.0007062146892655367,1,True
眉,0.0007058168942842691,3,True
措,0.0007057163020465773,1,True
俗,0.0007052186177715092,1,True
撤,0.0007052186177715092,1,True
鼡,0.0007050505050505051,3,True
弥,0.0007047216349541931,1,True
遇,0.0007042253521126761,1,True
腐,0.0007037297677691766,1,True
脈,0.0007032348804500703,1,True
喫,0.0007022471910112359,1,True
鎖,0.000700770847932726,1,True
亞,0.0007000000000000001,7,True
卷,0.0007000000000000001,7,True
嗇,0.0007000000000000001,7,True
將,0.0007000000000000001,7,True
會,0.0007000000000000001,7,True
犮,0.0007000000000000001,7,True
聶,0.0007000000000000001,7,True
蒙,0.0007000000000000001,7,True
厘,0.0006988831272437177,4,True
䚯,0.000697350069735007,1,True
罰,0.000697350069735007,1,True
紫,0.0006968641114982578,1,True
肌,0.000693000693000693,1,True
脇,0.0006925207756232687,1,True
軒,0.0006925207756232687,1,True
騎,0.0006920415224913495,1,True
肥,0.0006915629322268327,1,True
岳,0.0006901311249137336,1,True
幻,0.0006901311249137336,1,True
藩,0.000689655172413793,1,True
貿,0.0006887052341597796,1,True
祉,0.0006882312456985547,1,True
阜,0.0006871990604815033,2,True
撲,0.0006868131868131869,1,True
糖,0.000683526999316473,1,True
銘,0.0006830601092896175,1,True
烈,0.0006825938566552901,1,True
謀,0.0006825938566552901,1,True
酔,0.0006825938566552901,1,True
祈,0.0006821282401091405,1,True
豚,0.0006817335660267598,2,True
尻,0.0006816632583503749,1,True
淡,0.0006816632583503749,1,True
覇,0.0006811989100817438,1,True
該,0.0006811989100817438,1,True
梨,0.0006798096532970768,1,True
浄,0.0006798096532970768,1,True
寛,0.0006788866259334691,1,True
莧,0.0006788866259334691,1,True
菓,0.0006788866259334691,1,True
凍,0.0006784260515603799,1,True
恥,0.0006784260515603799,1,True
荘,0.0006775067750677507,1,True
溶,0.0006770480704129993,1,True
軸,0.0006770480704129993,1,True
魂,0.0006765899864682003,1,True
菌,0.000676132521974307,1,True
覆,0.0006747638326585695,1,True
戚,0.000674608448030375,3,True
翁,0.0006739336492890996,3,True
塾,0.0006734006734006734,1,True
猛,0.0006734006734006734,1,True
稚,0.0006734006734006734,1,True
偶,0.0006729475100942127,1,True
翻,0.0006729475100942127,1,True
隔,0.0006711409395973154,1,True
励,0.0006706908115358819,1,True
朗,0.0006706908115358819,1,True
穂,0.0006706908115358819,1,True
脅,0.0006706908115358819,1,True
倫,0.0006697923643670462,1,True
恩,0.0006688963210702341,1,True
漏,0.0006688963210702341,1,True
埼,0.0006680026720106881,1,True
駒,0.0006680026720106881,1,True
暇,0.0006675567423230974,1,True
雰,0.0006675567423230974,1,True
汗,0.0006666666666666666,1,True
吐,0.0006657789613848203,1,True
暑,0.0006657789613848203,1,True
蒸,0.0006653359946773121,1,True
逸,0.0006653359946773121,1,True
伯,0.000664451827242525,1,True
悔,0.000664451827242525,1,True
嫁,0.0006640106241699867,1,True
征,0.0006640106241699867,1,True
塔,0.0006635700066357001,1,True
斜,0.0006635700066357001,1,True
脂,0.000663129973474801,1,True
欄,0.0006618133686300463,1,True
架,0.0006609385327164573,1,True
扇,0.0006602240896358543,2,True
奮,0.0006600660066006601,1,True
靴,0.0006591957811470006,1,True
幌,0.0006587615283267457,1,True
滝,0.0006578947368421052,1,True
獣,0.0006578947368421052,1,True
棚,0.0006561679790026247,1,True
刈,0.0006558643690939411,2,True
噴,0.000655307994757536,1,True
廉,0.0006551661356395085,3,True
偏,0.0006548788474132286,1,True
朕,0.0006525825742809555,2,True
孔,0.000652486187845304,2,True
寍,0.0006523157208088715,1,True
殖,0.000651890482398957,1,True
僧,0.0006506180871828237,1,True
啓,0.000649772579597141,1,True
忙,0.0006485084306095979,1,True
蔑,0.0006482294935006725,3,True
紋,0.0006480881399870382,1,True
緯,0.0006480881399870382,1,True
零,0.000647645125958379,2,True
酷,0.0006472491909385113,1,True
訂,0.000646830530401035,1,True
抽,0.0006459948320413437,1,True
拍,0.0006455777921239509,1,True
峰,0.0006451612903225806,1,True
拓,0.0006451612903225806,1,True
鋭,0.0006451612903225806,1,True
煮,0.0006447453255963894,1,True
泡,0.000643773790103317,2,True
巣,0.0006435006435006435,1,True
涼,0.0006430868167202572,1,True
浸,0.0006426735218508997,1,True
桃,0.0006422607578676942,1,True
犠,0.0006422607578676942,1,True
匠,0.0006418485237483953,1,True
膨,0.0006418485237483953,1,True
匿,0.0006417118093174431,2,True
剛,0.0006414368184733803,1,True
薦,0.0006414368184733803,1,True
筒,0.000641025641025641,1,True
涯,0.0006402048655569782,1,True
显,0.0006397952655150352,1,False
顕,0.0006397952655150352,1,True
拾,0.0006393861892583121,1,True
爵,0.0006390835579514826,2,True
慰,0.0006389776357827476,1,True
姓,0.0006381620931716656,1,True
泰,0.0006381620931716656,1,True
祥,0.0006381620931716656,1,True
隅,0.0006381620931716656,1,True
湿,0.0006373486297004461,1,True
笠,0.0006373486297004461,1,True
眺,0.0006369426751592356,1,True
棟,0.0006361323155216285,1,True
鎌,0.0006361323155216285,1,True
棋,0.0006357279084551812,1,True
粧,0.0006357279084551812,1,True
銅,0.0006345177664974619,1,True
猪,0.0006333333333333334,2,True
浩,0.0006329113924050633,1,True
胥,0.0006317789291882557,3,True
泥,0.0006317119393556538,1,True
陳,0.0006313131313131314,1,True
偉,0.000630119722747322,1,True
鍋,0.0006297229219143577,1,True
洞,0.0006293266205160479,1,True
訟,0.0006293266205160479,1,True
鉱,0.0006289308176100629,1,True
傍,0.0006285355122564425,1,True
妊,0.0006285355122564425,1,True
拘,0.0006285355122564425,1,True
蓄,0.0006285355122564425,1,True
軟,0.0006285355122564425,1,True
劣,0.000628140703517588,1,True
径,0.000628140703517588,1,True
庸,0.0006269854824935952,3,True
恒,0.0006265664160401002,1,True
綿,0.0006253908692933083,1,True
霧,0.000625,1,True
鎮,0.0006246096189881324,1,True
奨,0.0006238303181534623,1,True
暦,0.0006238303181534623,1,True
狩,0.0006238303181534623,1,True
寂,0.0006234413965087282,1,True
粒,0.0006234413965087282,1,True
簿,0.0006211180124223603,1,True
遭,0.0006211180124223603,1,True
摂,0.0006203473945409429,1,True
軌,0.0006203473945409429,1,True
粛,0.0006186721991701245,2,True
郊,0.0006184291898577613,1,True
遷,0.0006181347150259068,2,True
壇,0.0006172839506172839,1,True
愚,0.0006172839506172839,1,True
佳,0.0006169031462060457,1,True
傘,0.0006165228113440197,1,True
躬,0.0006162622612287043,2,True
把,0.0006161429451632779,1,True
磁,0.0006161429451632779,1,True
鍵,0.0006161429451632779,1,True
偵,0.0006150061500615006,1,True
培,0.0006146281499692685,1,True
牲,0.0006142506142506142,1,True
披,0.0006116207951070336,1,True
徐,0.0006112469437652812,1,True
潤,0.0006108735491753207,1,True
秩,0.0006105006105006105,1,True
彰,0.0006097560975609756,1,True
畳,0.0006093845216331506,1,True
廊,0.0006090133982947625,1,True
貌,0.000608646998982706,2,True
癒,0.0006086427267194157,1,True
李,0.0006082725060827251,1,True
琴,0.0006082725060827251,1,True
暫,0.0006079027355623101,1,True
謎,0.0006079027355623101,1,True
貼,0.0006075334143377885,1,True
惨,0.0006071645415907711,1,True
搭,0.0006067961165048543,1,True
炉,0.0006064281382656155,1,True
汁,0.0006053268765133172,1,True
錦,0.0006053268765133172,1,True
喪,0.0006045949214026602,1,True
澄,0.0006031363088057901,1,True
粘,0.0006024096385542169,1,True
茨,0.0006013229104028864,1,True
粋,0.0006006006006006006,1,True
扉,0.0006002400960384153,1,True
裸,0.0006002400960384153,1,True
CDP-8BB0,0.0006000000000000001,6,False
兔,0.0006000000000000001,6,True
參,0.0006000000000000001,6,True
叉,0.0006000000000000001,6,True
奧,0.0006000000000000001,6,True
嬰,0.0006000000000000001,6,True
廣,0.0006000000000000001,6,True
從,0.0006000000000000001,6,True
旱,0.0006000000000000001,6,True
瞿,0.0006000000000000001,6,True
肅,0.0006000000000000001,6,True
芻,0.0006000000000000001,6,True
覃,0.0006000000000000001,6,True
韱,0.0006000000000000001,6,True
鬥,0.0006000000000000001,6,True
黽,0.0006000000000000001,6,True
𠫯,0.0006000000000000001,6,False
柴,0.0005998800239952009,1,True
漂,0.0005988023952095808,1,True
芽,0.0005980861244019139,1,True
帽,0.0005973715651135006,1,True
耕,0.0005973715651135006,1,True
赦,0.0005970178926441352,2,True
嵐,0.0005966587112171838,1,True
鋼,0.0005963029218843172,1,True
闇,0.0005963029218843172,1,True
珠,0.0005959475566150178,1,True
嘉,0.0005955926146515784,1,True
胆,0.000594883997620464,1,True
絹,0.0005948045522018804,2,True
閑,0.0005948045522018804,2,True
畏,0.0005946329913180743,3,True
澤,0.0005945303210463733,1,True
譜,0.0005945303210463733,1,True
妄,0.0005940711462450593,2,True
符,0.0005938242280285036,1,True
宴,0.0005934718100890207,1,True
拳,0.0005934718100890207,1,True
鶏,0.0005931198102016608,1,True
瓶,0.0005924170616113745,1,True
潔,0.0005920663114268798,1,True
絜,0.0005920663114268798,1,True
戯,0.0005913660555884093,1,True
穏,0.0005913660555884093,1,True
陶,0.0005913660555884093,1,True
肺,0.0005899705014749262,1,True
跳,0.0005892751915144372,1,True
巧,0.0005889281507656066,1,True
閲,0.0005885815185403178,1,True
尿,0.0005875440658049354,1,True
腸,0.0005875440658049354,1,True
菱,0.0005875440658049354,1,True
嬉,0.0005861664712778429,1,True
阻,0.0005851375073142189,1,True
椅,0.0005834305717619603,1,True
懲,0.0005827505827505828,1,True
践,0.0005824111822947001,1,True
繊,0.0005820721769499418,1,True
惜,0.0005813953488372093,1,True
罷,0.0005812428516965307,3,True
擁,0.0005810575246949448,1,True
嶋,0.0005803830528148578,1,True
班,0.0005803830528148578,1,True
謙,0.000580046403712297,1,True
猿,0.000578368999421631,1,True
蛇,0.0005780346820809249,1,True
盆,0.0005777007510109763,1,True
誓,0.0005777007510109763,1,True
欺,0.0005773672055427252,1,True
猶,0.0005766444232602479,2,True
栽,0.0005763688760806917,1,True
幡,0.000576036866359447,1,True
滋,0.0005757052389176742,1,True
睡,0.0005757052389176742,1,True
氾,0.0005749531308586427,3,True
桂,0.0005747126436781609,1,True
蘭,0.0005747126436781609,1,True
蜜,0.000574158368895211,2,True
挿,0.000574052812858783,1,True
叩,0.0005737234652897303,1,True
溝,0.0005737234652897303,1,True
膜,0.0005737234652897303,1,True
頓,0.0005734848484848485,2,True
妨,0.000572737686139748,1,True
凝,0.0005724098454493417,1,True
剰,0.0005724098454493417,1,True
蓮,0.0005720823798627002,1,True
妖,0.0005717552887364208,1,True
掌,0.0005711022272986865,1,True
諾,0.0005707762557077625,1,True
賊,0.0005707762557077625,1,True
弦,0.0005704506560182544,1,True
桼,0.0005703668861712136,2,True
縛,0.0005701254275940707,1,True
鍛,0.0005701254275940707,1,True
栃,0.0005698005698005698,1,True
袖,0.0005698005698005698,1,True
桑,0.0005688282138794084,1,True
錯,0.0005685048322910744,1,True
悠,0.0005681818181818182,1,True
膚,0.0005681818181818182,1,True
昧,0.0005678591709256105,1,True
鷹,0.0005675368898978433,1,True
癖,0.0005672149744753262,1,True
綾,0.0005668934240362812,1,True
痴,0.0005665722379603399,1,True
酬,0.0005662514156285391,1,True
侍,0.0005656108597285068,1,True
墨,0.0005652911249293386,1,True
疎,0.0005652911249293386,1,True
嘆,0.0005649717514124294,1,True
憎,0.0005649717514124294,1,True
旋,0.0005649717514124294,1,True
澡,0.0005649000464900047,2,True
菅,0.0005640157924421884,1,True
殴,0.0005636978579481398,1,True
揃,0.0005633802816901409,1,True
堤,0.0005630630630630631,1,True
勃,0.0005627487274409995,2,True
辻,0.0005624296962879641,1,True
据,0.0005621135469364812,1,True
艇,0.0005611672278338945,1,True
凄,0.0005605381165919282,1,True
懇,0.0005599104143337066,1,True
漠,0.0005595970900951316,1,True
窒,0.0005595588235294118,2,True
桐,0.0005589714924538849,1,True
蘇,0.0005589714924538849,1,True
喚,0.0005586592178770949,1,True
詐,0.0005586592178770949,1,True
謡,0.0005586592178770949,1,True
挨,0.0005583472920156337,1,True
嵒,0.0005580852038479157,2,True
釜,0.0005580357142857143,1,True
飽,0.0005577244841048522,1,True
挟,0.0005574136008918618,1,True
漬,0.0005574136008918618,1,True
糧,0.0005574136008918618,1,True
崇,0.0005571030640668524,1,True
夌,0.0005567928730512249,1,True
燥,0.0005567928730512249,1,True
陵,0.0005567928730512249,1,True
賠,0.0005561735261401557,1,True
附,0.0005558643690939411,1,True
粗,0.0005555555555555556,1,True
机,0.0005549389567147614,1,True
禅,0.0005549389567147614,1,True
謁,0.0005544842254519674,3,True
循,0.0005537098560354374,1,True
塞,0.000552791597567717,1,True
娠,0.000552791597567717,1,True
朴,0.000552791597567717,1,True
鉢,0.000552791597567717,1,True
擦,0.0005521811154058532,1,True
疫,0.0005521811154058532,1,True
寮,0.0005518763796909492,1,True
咨,0.0005518752824220515,2,True
淳,0.0005515719801434088,1,True
篠,0.0005515719801434088,1,True
靖,0.0005512679162072767,1,True
峠,0.0005506607929515419,1,True
碁,0.000550357732526142,1,True
蹴,0.0005497526113249038,1,True
媒,0.0005494505494505495,1,True
膝,0.0005491488193300384,1,True
箇,0.0005488474204171241,1,True
諭,0.0005485463521667581,1,True
磯,0.000547945205479452,1,True
拶,0.0005473453749315818,1,True
閥,0.0005473453749315818,1,True
弄,0.0005470272686633885,2,True
塊,0.0005467468562055768,1,True
砕,0.000546448087431694,1,True
苛,0.0005464285714285714,2,True
唇,0.0005458515283842794,1,True
噂,0.0005458515283842794,1,True
鐘,0.0005452562704471102,1,True
枯,0.000543773790103317,1,True
屏,0.0005432624113475178,2,True
嬢,0.0005428881650380022,1,True
慈,0.0005428881650380022,1,True
捉,0.0005425935973955507,1,True
縫,0.0005422993492407809,1,True
枕,0.0005420054200542005,1,True
淵,0.0005405405405405405,1,True
𣶒,0.0005405405405405405,1,False
霜,0.0005405286343612335,2,True
冗,0.0005399568034557236,1,True
坪,0.0005396654074473826,1,True
帆,0.0005396654074473826,1,True
峡,0.0005393743257820927,1,True
呪,0.0005387931034482759,1,True
腫,0.0005387931034482759,1,True
鉛,0.0005382131324004305,1,True
洪,0.0005376344086021505,1,True
濯,0.0005370569280343716,1,True
唄,0.0005367686527106817,1,True
碑,0.000536480686695279,1,True
慌,0.0005347593582887701,1,True
勲,0.0005341880341880342,1,True
湧,0.0005339028296849973,1,True
椎,0.0005336179295624333,1,True
妃,0.0005321979776476849,1,True
鴨,0.0005321979776476849,1,True
窄,0.0005319654427645788,2,True
庵,0.0005319148936170213,1,True
沸,0.0005319148936170213,1,True
幽,0.000531632110579479,1,True
壳,0.0005305039787798408,1,True
殻,0.0005305039787798408,1,True
淫,0.0005297378599054577,2,True
遍,0.0005296610169491525,1,True
恨,0.0005293806246691371,1,True
斐,0.0005288207297726071,1,True
肢,0.0005285412262156448,1,True
畿,0.0005277044854881266,1,True
怠,0.0005274261603375527,1,True
搬,0.0005268703898840885,1,True
駦,0.0005263157894736842,1,False
騰,0.0005263157894736842,1,True
龹,0.0005263157894736842,1,False
炊,0.0005257623554153522,1,True
股,0.0005257623554153522,1,True
酵,0.0005257623554153522,1,True
曖,0.0005254860746190226,1,True
笛,0.0005254860746190226,1,True
蓋,0.0005254860746190226,1,True
賭,0.0005254860746190226,1,True
紳,0.0005252100840336134,1,True
勾,0.0005246284501061572,2,True
恭,0.0005241090146750524,1,True
墜,0.0005238344683080147,1,True
幣,0.0005238344683080147,1,True
傑,0.0005232862375719519,1,True
悦,0.0005224660397074191,1,True
鈍,0.0005219206680584551,1,True
藍,0.0005208333333333333,1,True
潰,0.0005205622071837585,1,True
溜,0.0005200208008320333,1,True
狼,0.0005200208008320333,1,True
篇,0.0005200208008320333,1,True
餅,0.0005200208008320333,1,True
駿,0.0005197505197505198,1,True
瞳,0.0005194805194805195,1,True
褒,0.0005186721991701245,1,True
笹,0.0005181347150259067,1,True
肪,0.0005175983436853002,1,True
忌,0.0005173305742369374,1,True
赴,0.0005173305742369374,1,True
伺,0.000517063081695967,1,True
廻,0.000517063081695967,1,True
俵,0.0005167958656330749,1,True
唆,0.0005165289256198347,1,True
喧,0.0005162622612287042,1,True
弊,0.0005162622612287042,1,True
窮,0.0005162622612287042,1,True
憩,0.0005157297576070139,1,True
堪,0.0005154639175257732,1,True
稽,0.0005154639175257732,1,True
墳,0.0005149330587023687,1,True
拉,0.0005149330587023687,1,True
轄,0.0005149330587023687,1,True
籠,0.000514668039114771,1,True
衡,0.0005141388174807198,1,True
𩵋,0.0005141388174807198,1,False
毀,0.0005130524576621231,2,True
渓,0.0005128205128205128,1,True
濁,0.0005120327700972862,1,True
但,0.0005112474437627812,1,True
卂,0.000510986203372509,1,True
柿,0.000510986203372509,1,True
迅,0.000510986203372509,1,True
壌,0.0005107252298263534,1,True
愉,0.0005107252298263534,1,True
婆,0.0005099439061703213,1,True
鳩,0.0005091649694501018,1,True
蝶,0.0005089058524173028,1,True
暁,0.000508646998982706,1,True
槽,0.000508646998982706,1,True
樽,0.000508646998982706,1,True
穫,0.0005083884087442806,1,True
綺,0.0005083884087442806,1,True
遮,0.0005083884087442806,1,True
飢,0.0005073566717402334,1,True
喉,0.0005070993914807302,1,True
霞,0.0005070993914807302,1,True
胴,0.0005065856129685917,1,True
酢,0.0005060728744939271,1,True
盲,0.0005058168942842691,1,True
隷,0.0005058168942842691,1,True
抹,0.0005053057099545225,1,True
猟,0.000505050505050505,1,True
穀,0.000505050505050505,1,True
髄,0.000505050505050505,1,True
禄,0.0005042864346949068,1,True
鬱,0.0005042864346949068,1,True
薫,0.0005037783375314861,1,True
胎,0.0005035246727089627,1,True
媛,0.0005032712632108706,1,True
扶,0.0005030181086519115,1,True
憧,0.0005012531328320802,1,True
膳,0.0005012531328320802,1,True
茎,0.0005012531328320802,1,True
鯨,0.000501002004008016,1,True
拭,0.000500751126690035,1,True
丱,0.0005,5,True
兩,0.0005,5,True
匆,0.0005,5,True
厭,0.0005,5,True
厽,0.0005,5,True
咠,0.0005,5,True
壯,0.0005,5,True
壹,0.0005,5,True
夷,0.0005,5,True
斯,0.0005,5,True
牟,0.0005,5,True
當,0.0005,5,True
畺,0.0005,5,True
盡,0.0005,5,True
臽,0.0005,5,True
黍,0.0005,5,True
𦥯,0.0005,5,True
蜂,0.0004995004995004995,1,True
伎,0.000499001996007984,1,True
陛,0.0004972650422675286,1,True
吟,0.0004970178926441351,1,True
渦,0.0004967709885742673,1,True
赫,0.0004966679888932964,2,True
稀,0.0004962779156327543,1,True
萌,0.0004962779156327543,1,True
痕,0.000496031746031746,1,True
楼,0.0004955401387512388,1,True
汽,0.0004955401387512388,1,True
滴,0.0004955401387512388,1,True
濡,0.0004952947003467063,1,True
虹,0.0004950495049504951,1,True
逐,0.0004948045522018803,1,True
餌,0.0004948045522018803,1,True
篤,0.0004945598417408506,1,True
紺,0.000493339911198816,1,True
醸,0.0004930966469428008,1,True
擬,0.0004928536224741252,1,True
肯,0.0004928536224741252,1,True
芋,0.0004921259842519685,1,True
錬,0.0004921259842519685,1,True
汰,0.0004918839153959665,1,True
虜,0.0004918839153959665,1,True
挫,0.0004906771344455348,1,True
詠,0.0004901960784313725,1,True
隙,0.0004894762604013706,1,True
硫,0.0004892367906066536,1,True
岬,0.0004887585532746823,1,True
枢,0.00048828125,1,True
錠,0.0004878048780487805,1,True
戴,0.00048756704046806434,1,True
拙,0.0004873294346978557,1,True
憤,0.0004870920603994155,1,True
腎,0.0004870920603994155,1,True
槍,0.00048661800486618007,1,True
賄,0.00048590864917395527,1,True
叙,0.0004854368932038835,1,True
舶,0.0004847309743092584,1,True
叱,0.00048426150121065375,1,True
覗,0.00048355899419729207,1,True
亩,0.00048255547054322875,2,False
准,0.00048216007714561236,1,True
嘩,0.00048216007714561236,1,True
璧,0.00048123195380173246,1,True
餓,0.000481000481000481,1,True
遥,0.0004805382027871216,1,True
窟,0.0004780114722753346,1,True
儲,0.00047778308647873863,1,True
朽,0.00047732696897374703,1,True
丼,0.00047505938242280285,1,True
逝,0.0004748338081671415,1,True
恣,0.00047425149700598804,2,True
爽,0.00047393364928909954,1,True
賜,0.0004737091425864519,1,True
拐,0.0004730368968779565,1,True
剖,0.0004725897920604915,1,True
玩,0.00047192071731949034,1,True
骸,0.0004716981132075472,1,True
奔,0.000471253534401508,1,True
醒,0.000471253534401508,1,True
喝,0.0004710315591144607,1,True
悼,0.0004710315591144607,1,True
蛍,0.00047080979284369113,1,True
裾,0.00047058823529411766,1,True
漆,0.00047036688617121356,1,True
崖,0.0004692632566870014,1,True
乕,0.0004681885125184094,2,True
僅,0.0004675081813931744,1,True
嘘,0.0004675081813931744,1,True
獅,0.0004675081813931744,1,True
箸,0.0004675081813931744,1,True
叶,0.00046728971962616824,1,True
杖,0.00046707146193367583,1,True
侮,0.0004662004662004662,1,True
桁,0.0004662004662004662,1,True
嗣,0.00046511627906976747,1,True
娯,0.00046511627906976747,1,True
瑠,0.00046490004649000463,1,True
藻,0.00046490004649000463,1,True
襟,0.00046446818392940084,1,True
慕,0.00046425255338904364,1,True
繋,0.0004623208506703652,1,True
麓,0.0004621072088724584,1,True
惧,0.00046125461254612545,1,True
艶,0.0004610419548178884,1,True
雌,0.0004608294930875576,1,True
顎,0.0004608294930875576,1,True
綻,0.00046061722708429296,1,True
捧,0.00046040515653775324,1,True
怨,0.00045998160073597056,1,True
斑,0.00045934772622875517,1,True
堕,0.0004580852038479157,1,True
癌,0.0004580852038479157,1,True
蛮,0.0004574565416285453,1,True
韻,0.00045682960255824577,1,True
煩,0.00045662100456621003,1,True
鮎,0.00045662100456621003,1,True
諦,0.00045599635202918376,1,True
渇,0.00045578851412944393,1,True
狐,0.00045558086560364467,1,True
睦,0.00045475216007276033,1,True
畔,0.00045413260672116256,1,True
詣,0.00045392646391284613,1,True
醜,0.00045351473922902497,1,True
勅,0.00045310376076121433,1,True
蚊,0.00045310376076121433,1,True
妬,0.0004520795660036166,1,True
諮,0.00045187528242205153,1,True
琶,0.00045167118337850043,1,True
紡,0.0004510599909788002,1,True
麺,0.0004506534474988734,1,True
紐,0.00045004500450045,1,True
礁,0.0004496402877697842,1,True
剥,0.00044943820224719103,1,True
酎,0.00044822949350067237,1,True
嫉,0.00044802867383512545,1,True
帥,0.0004478280340349306,1,True
泌,0.0004478280340349306,1,True
愁,0.00044543429844097997,1,True
鋳,0.0004450378282153983,1,True
侶,0.00044483985765124553,1,True
儒,0.00044483985765124553,1,True
謹,0.000444247001332741,1,True
贅,0.000444247001332741,1,True
硝,0.0004438526409232135,1,True
塀,0.0004432624113475177,1,True
慨,0.00044169611307420494,1,True
窯,0.00044169611307420494,1,True
詮,0.00044014084507042255,1,True
瘍,0.00043975373790677223,1,True
芯,0.00043975373790677223,1,True
腺,0.0004393673110720562,1,True
矯,0.0004391743522178305,1,True
釘,0.0004389815627743635,1,True
罵,0.00043840420868040335,1,True
捻,0.000437636761487965,1,True
俸,0.00043649061545176777,1,True
璃,0.00043591979075850045,1,True
瞭,0.00043572984749455336,1,True
宵,0.00043554006968641115,1,True
汎,0.00043554006968641115,1,True
淑,0.00043535045711797995,1,True
梗,0.000434593654932638,1,True
抄,0.0004338394793926247,1,True
耗,0.0004336513443191674,1,True
旺,0.00043252595155709344,1,True
溺,0.00043252595155709344,1,True
凹,0.00043196544276457883,1,True
搾,0.00043196544276457883,1,True
婿,0.0004317789291882556,1,True
痩,0.0004317789291882556,1,True
姻,0.0004314063848144953,1,True
蟹,0.0004314063848144953,1,True
壱,0.0004306632213608958,1,True
栓,0.0004306632213608958,1,True
桟,0.0004306632213608958,1,True
租,0.00043047783039173483,1,True
肘,0.00043047783039173483,1,True
薪,0.000429553264604811,1,True
倣,0.00042936882782310007,1,True
弧,0.0004288164665523156,1,True
炒,0.0004286326618088298,1,True
坑,0.0004280821917808219,1,True
堆,0.000427715996578272,1,True
遡,0.0004268032437046522,1,True
柵,0.00042625745950554135,1,True
煎,0.00042589437819420784,1,True
窃,0.00042517006802721087,1,True
痺,0.00042498937526561835,1,True
咽,0.00042444821731748726,1,True
棺,0.0004233700254022015,1,True
繕,0.00042319085907744394,1,True
嗅,0.0004224757076468103,1,True
濫,0.0004224757076468103,1,True
殉,0.00042176296921130323,1,True
糾,0.00042176296921130323,1,True
寡,0.00042122999157540015,1,True
茸,0.00042087542087542086,1,True
鯉,0.00042087542087542086,1,True
冶,0.0004201680672268908,1,True
羨,0.0004201680672268908,1,True
蔽,0.00041946308724832214,1,True
凸,0.00041911148365465214,1,True
弔,0.00041911148365465214,1,True
萎,0.00041911148365465214,1,True
痢,0.00041841004184100416,1,True
碗,0.00041736227045075126,1,True
酌,0.00041718815185648727,1,True
褐,0.0004170141784820684,1,True
唾,0.00041562759767248546,1,True
禍,0.00041476565740356696,1,True
款,0.00041220115416323167,1,True
臆,0.00041152263374485596,1,True
拷,0.00041118421052631577,1,True
漸,0.0004106776180698152,1,True
醤,0.0004098360655737705,1,True
嫡,0.0004088307440719542,1,True
憾,0.000407000407000407,1,True
嘱,0.0004050222762251924,1,True
踪,0.0004045307443365696,1,True
喩,0.0004032258064516129,1,True
刹,0.0004027386226339106,1,True
飴,0.0004017677782241864,1,True
哺,0.00040096230954290296,1,True
傲,0.0004,1,True
匡,0.0004,4,True
厥,0.0004,4,True
國,0.0004,4,True
奠,0.0004,4,True
怱,0.0004,4,True
敞,0.0004,4,True
敦,0.0004,4,True
曳,0.0004,4,True
棥,0.0004,4,True
殸,0.0004,4,True
熏,0.0004,4,True
燕,0.0004,4,True
甾,0.0004,4,True
發,0.0004,4,True
秦,0.0004,4,True
稟,0.0004,4,True
耆,0.0004,4,True
耶,0.0004,4,True
臧,0.0004,4,True
臾,0.0004,4,True
舀,0.0004,4,True
舍,0.0004,4,True
覽,0.0004,4,True
邑,0.0004,4,True
隋,0.0004,4,True
鹵,0.0004,4,True
麥,0.0004,4,True
鯛,0.00039840637450199205,1,True
賦,0.0003977724741447892,1,True
嚇,0.0003966679888932963,1,True
蚕,0.0003951007506914263,1,True
遜,0.00039494470774091627,1,True
摯,0.0003937007874015748,1,True
嘲,0.0003935458480913026,1,True
陪,0.00039154267815191856,1,True
遵,0.0003913894324853229,1,True
緻,0.00039108330074305825,1,True
𠫔,0.00039108330074305825,1,False
貪,0.0003875968992248062,1,True
鮫,0.00038714672861014324,1,True
箋,0.0003866976024748647,1,True
詔,0.0003850596842510589,1,True
彙,0.00038491147036181676,1,True
鮭,0.0003843197540353574,1,True
畝,0.00038255547054322876,1,True
慄,0.00038066235249333843,1,True
舷,0.00037979491074819596,1,True
酪,0.0003795066413662239,1,True
弐,0.00037778617302606723,1,True
訃,0.0003707823507601038,1,True
餃,0.00037064492216456633,1,True
衷,0.0003705075954057058,1,True
虞,0.0003700962250185048,1,True
惰,0.0003694126339120798,1,True
逓,0.0003681885125184094,1,True
辣,0.0003677822728944465,1,True
羞,0.0003669724770642202,1,True
迭,0.0003667033370003667,1,True
捗,0.0003652300949598247,1,True
頒,0.00035932446999640676,1,True
墾,0.0003544842254519674,1,True
賂,0.00035435861091424523,1,True
諧,0.00035335689045936394,1,True
倹,0.00035211267605633805,1,True
劾,0.000351493848857645,1,True
CDP-8DDC,0.0003466204506065858,1,False
繭,0.0003466204506065858,1,True
痘,0.0003444712366517396,1,True
塑,0.00034129692832764505,1,True
沃,0.00034106412005457026,1,True
謄,0.0003397893306150187,1,True
璽,0.0003312355084465055,1,True
楷,0.00032393909944930353,1,True
憬,0.00032071840923669016,1,True
錮,0.00031357792411414236,1,True
㬎,0.00030000000000000003,3,True
㲋,0.00030000000000000003,3,False
丕,0.00030000000000000003,3,True
剌,0.00030000000000000003,3,True
劉,0.00030000000000000003,3,True
勞,0.00030000000000000003,3,True
只,0.00030000000000000003,3,True
哥,0.00030000000000000003,3,True
嚴,0.00030000000000000003,3,True
囟,0.00030000000000000003,3,True
娚,0.00030000000000000003,3,True
屬,0.00030000000000000003,3,True
巢,0.00030000000000000003,3,True
帶,0.00030000000000000003,3,True
幵,0.00030000000000000003,3,True
廛,0.00030000000000000003,3,True
弍,0.00030000000000000003,3,True
擧,0.00030000000000000003,3,True
攴,0.00030000000000000003,3,True
數,0.00030000000000000003,3,True
樊,0.00030000000000000003,3,True
毚,0.00030000000000000003,3,True
烏,0.00030000000000000003,3,True
焉,0.00030000000000000003,3,True
爲,0.00030000000000000003,3,True
犀,0.00030000000000000003,3,True
狄,0.00030000000000000003,3,True
甹,0.00030000000000000003,3,True
畢,0.00030000000000000003,3,True
癸,0.00030000000000000003,3,True
皀,0.00030000000000000003,3,True
眇,0.00030000000000000003,3,True
睿,0.00030000000000000003,3,True
矍,0.00030000000000000003,3,True
矞,0.00030000000000000003,3,True
禽,0.00030000000000000003,3,True
羲,0.00030000000000000003,3,True
臺,0.00030000000000000003,3,True
萬,0.00030000000000000003,3,True
蒿,0.00030000000000000003,3,True
贊,0.00030000000000000003,3,True
鄭,0.00030000000000000003,3,True
雋,0.00030000000000000003,3,True
頡,0.00030000000000000003,3,True
顛,0.00030000000000000003,3,True
魯,0.00030000000000000003,3,True
黹,0.00030000000000000003,3,True
鼠,0.00030000000000000003,3,True
龜,0.00030000000000000003,3,True
龠,0.00030000000000000003,3,True
𢆶,0.00030000000000000003,3,False
𣬉,0.00030000000000000003,3,False
剝,0.0002829654782116582,1,True
頰,0.00027240533914464724,1,True
塡,0.00025926886180969663,1,True
𠮟,0.00021547080370609782,1,True
㡭,0.0002,2,False
丞,0.0002,2,True
丣,0.0002,2,True
乖,0.0002,2,True
乘,0.0002,2,True
亙,0.0002,2,True
亨,0.0002,2,True
亮,0.0002,2,True
仄,0.0002,2,True
倠,0.0002,2,False
兎,0.0002,2,True
兮,0.0002,2,True
冀,0.0002,2,True
函,0.0002,2,True
匍,0.0002,2,True
匐,0.0002,2,True
匪,0.0002,2,True
匱,0.0002,2,True
卞,0.0002,2,True
吋,0.0002,2,True
吝,0.0002,2,True
夃,0.0002,2,False
夐,0.0002,2,True
夲,0.0002,2,True
孱,0.0002,2,True
宏,0.0002,2,True
寫,0.0002,2,True
尨,0.0002,2,True
屎,0.0002,2,True
巵,0.0002,2,True
彌,0.0002,2,True
彎,0.0002,2,True
彗,0.0002,2,True
忽,0.0002,2,True
悉,0.0002,2,True
惟,0.0002,2,True
惠,0.0002,2,True
惡,0.0002,2,True
應,0.0002,2,True
扈,0.0002,2,True
拑,0.0002,2,True
拜,0.0002,2,True
效,0.0002,2,True
斂,0.0002,2,True
斌,0.0002,2,True
斛,0.0002,2,True
晉,0.0002,2,True
曾,0.0002,2,True
朶,0.0002,2,True
梁,0.0002,2,True
棘,0.0002,2,True
楙,0.0002,2,True
榮,0.0002,2,True
欣,0.0002,2,True
歇,0.0002,2,True
殄,0.0002,2,True
殷,0.0002,2,True
殹,0.0002,2,True
毳,0.0002,2,True
氣,0.0002,2,True
沛,0.0002,2,True
沾,0.0002,2,True
泙,0.0002,2,True
涌,0.0002,2,True
淮,0.0002,2,True
滿,0.0002,2,True
甜,0.0002,2,True
畫,0.0002,2,True
畱,0.0002,2,True
疏,0.0002,2,True
皐,0.0002,2,True
盈,0.0002,2,True
禀,0.0002,2,True
禿,0.0002,2,True
稜,0.0002,2,True
竒,0.0002,2,True
筮,0.0002,2,True
箭,0.0002,2,True
粥,0.0002,2,True
粲,0.0002,2,True
縢,0.0002,2,True
縵,0.0002,2,True
翕,0.0002,2,True
翰,0.0002,2,True
聚,0.0002,2,True
聽,0.0002,2,True
肴,0.0002,2,True
臿,0.0002,2,True
芒,0.0002,2,True
茲,0.0002,2,True
莽,0.0002,2,True
萃,0.0002,2,True
蕩,0.0002,2,True
蕭,0.0002,2,True
薛,0.0002,2,True
薜,0.0002,2,True
藏,0.0002,2,True
藝,0.0002,2,True
藺,0.0002,2,True
虒,0.0002,2,True
號,0.0002,2,True
蚤,0.0002,2,True
蚩,0.0002,2,True
蟲,0.0002,2,True
衍,0.0002,2,True
袞,0.0002,2,True
襾,0.0002,2,True
覺,0.0002,2,True
觀,0.0002,2,True
觜,0.0002,2,True
豐,0.0002,2,True
豬,0.0002,2,True
貍,0.0002,2,True
貳,0.0002,2,True
賈,0.0002,2,True
賤,0.0002,2,True
轉,0.0002,2,True
閔,0.0002,2,True
閭,0.0002,2,True
雉,0.0002,2,True
雜,0.0002,2,True
雝,0.0002,2,True
雩,0.0002,2,True
霍,0.0002,2,True
馮,0.0002,2,True
魏,0.0002,2,True
黎,0.0002,2,True
黨,0.0002,2,True
齧,0.0002,2,True
𡰪,0.0002,2,False
𥝢,0.0002,2,False
𧶠,0.0002,2,True
CDP-8BC6,0.0001,1,False
CDP-8DBA,0.0001,1,False
⺄,0.0001,1,False
⺶,0.0001,1,False
⿱日隹,0.0001,1,False
⿱穴㒸,0.0001,1,False
㇐,0.0001,1,False
㐫,0.0001,1,False
㒸,0.0001,1,False
㓁,0.0001,1,True
㕚,0.0001,1,False
㕡,0.0001,1,False
㠯,0.0001,1,True
䖝,0.0001,1,True
䙳,0.0001,1,False
䩻,0.0001,1,False
丐,0.0001,1,True
个,0.0001,1,True
丷,0.0001,1,False
乢,0.0001,1,True
亂,0.0001,1,True
亊,0.0001,1,True
些,0.0001,1,True
亰,0.0001,1,True
亳,0.0001,1,True
什,0.0001,1,True
仂,0.0001,1,True
仆,0.0001,1,True
仇,0.0001,1,True
仍,0.0001,1,True
仔,0.0001,1,True
仗,0.0001,1,True
仞,0.0001,1,True
仟,0.0001,1,True
仭,0.0001,1,True
价,0.0001,1,True
伉,0.0001,1,True
伍,0.0001,1,True
伜,0.0001,1,True
估,0.0001,1,True
伶,0.0001,1,True
伽,0.0001,1,True
佃,0.0001,1,True
佇,0.0001,1,True
佑,0.0001,1,True
佗,0.0001,1,True
佚,0.0001,1,True
佛,0.0001,1,True
佝,0.0001,1,True
佞,0.0001,1,True
佩,0.0001,1,True
佯,0.0001,1,True
佶,0.0001,1,True
佻,0.0001,1,True
佼,0.0001,1,True
侃,0.0001,1,True
侈,0.0001,1,True
侏,0.0001,1,True
侑,0.0001,1,True
侘,0.0001,1,True
侠,0.0001,1,True
侫,0.0001,1,True
侭,0.0001,1,True
俄,0.0001,1,True
俎,0.0001,1,True
俐,0.0001,1,True
俑,0.0001,1,True
俔,0.0001,1,True
俘,0.0001,1,True
俚,0.0001,1,True
俛,0.0001,1,True
俟,0.0001,1,True
俣,0.0001,1,True
俤,0.0001,1,True
俥,0.0001,1,True
俯,0.0001,1,True
俱,0.0001,1,True
俶,0.0001,1,True
俾,0.0001,1,True
倅,0.0001,1,True
倆,0.0001,1,True
倏,0.0001,1,True
們,0.0001,1,True
倔,0.0001,1,True
倖,0.0001,1,True
倚,0.0001,1,True
倡,0.0001,1,True
倥,0.0001,1,True
倦,0.0001,1,True
倨,0.0001,1,True
倩,0.0001,1,True
倪,0.0001,1,True
倬,0.0001,1,True
倭,0.0001,1,True
倶,0.0001,1,True
偃,0.0001,1,True
假,0.0001,1,True
偈,0.0001,1,True
偐,0.0001,1,True
偕,0.0001,1,True
偖,0.0001,1,True
做,0.0001,1,True
偬,0.0001,1,True
偲,0.0001,1,True
偸,0.0001,1,True
傀,0.0001,1,True
傅,0.0001,1,True
傚,0.0001,1,True
傭,0.0001,1,True
傳,0.0001,1,True
傴,0.0001,1,True
僂,0.0001,1,True
僊,0.0001,1,True
僑,0.0001,1,True
僖,0.0001,1,True
僞,0.0001,1,True
僣,0.0001,1,True
僥,0.0001,1,True
僭,0.0001,1,True
僮,0.0001,1,True
僵,0.0001,1,True
價,0.0001,1,True
僻,0.0001,1,True
儁,0.0001,1,True
儂,0.0001,1,True
儉,0.0001,1,True
儔,0.0001,1,True
儕,0.0001,1,True
儖,0.0001,1,True
儘,0.0001,1,True
儚,0.0001,1,True
儡,0.0001,1,True
儷,0.0001,1,True
儺,0.0001,1,True
儻,0.0001,1,True
儼,0.0001,1,True
兇,0.0001,1,True
兜,0.0001,1,True
兢,0.0001,1,True
册,0.0001,1,True
冎,0.0001,1,True
冐,0.0001,1,True
冑,0.0001,1,True
冕,0.0001,1,True
冤,0.0001,1,True
冦,0.0001,1,True
冨,0.0001,1,True
冩,0.0001,1,True
冪,0.0001,1,True
冰,0.0001,1,True
冱,0.0001,1,True
冲,0.0001,1,True
决,0.0001,1,True
冴,0.0001,1,True
况,0.0001,1,True
冽,0.0001,1,True
凅,0.0001,1,True
凉,0.0001,1,True
凋,0.0001,1,True
凌,0.0001,1,True
凖,0.0001,1,True
凛,0.0001,1,True
凜,0.0001,1,True
凧,0.0001,1,True
凩,0.0001,1,True
凪,0.0001,1,True
凭,0.0001,1,True
凰,0.0001,1,True
凱,0.0001,1,True
凾,0.0001,1,True
刋,0.0001,1,True
刎,0.0001,1,True
刔,0.0001,1,True
刧,0.0001,1,True
刪,0.0001,1,True
刮,0.0001,1,True
刳,0.0001,1,True
剃,0.0001,1,True
剄,0.0001,1,True
剋,0.0001,1,True
剏,0.0001,1,True
剔,0.0001,1,True
剞,0.0001,1,True
剩,0.0001,1,True
剪,0.0001,1,True
剱,0.0001,1,True
剳,0.0001,1,True
剴,0.0001,1,True
剽,0.0001,1,True
剿,0.0001,1,True
劃,0.0001,1,True
劈,0.0001,1,True
劍,0.0001,1,True
劑,0.0001,1,True
劒,0.0001,1,True
劔,0.0001,1,True
劫,0.0001,1,True
劬,0.0001,1,True
劭,0.0001,1,True
劼,0.0001,1,True
勁,0.0001,1,True
勍,0.0001,1,True
勒,0.0001,1,True
勗,0.0001,1,True
勠,0.0001,1,True
勣,0.0001,1,True
勦,0.0001,1,True
勳,0.0001,1,True
勵,0.0001,1,True
勸,0.0001,1,True
匁,0.0001,1,True
匋,0.0001,1,True
匏,0.0001,1,True
匙,0.0001,1,True
匝,0.0001,1,True
匣,0.0001,1,True
匯,0.0001,1,True
匳,0.0001,1,True
卍,0.0001,1,True
卮,0.0001,1,True
卻,0.0001,1,True
卿,0.0001,1,True
厖,0.0001,1,True
厠,0.0001,1,True
厦,0.0001,1,True
厨,0.0001,1,True
厩,0.0001,1,True
厮,0.0001,1,True
厰,0.0001,1,True
叛,0.0001,1,True
叡,0.0001,1,True
叢,0.0001,1,True
叨,0.0001,1,True
叭,0.0001,1,True
叮,0.0001,1,True
叺,0.0001,1,True
吁,0.0001,1,True
吃,0.0001,1,True
吅,0.0001,1,False
吞,0.0001,1,True
吠,0.0001,1,True
吩,0.0001,1,True
听,0.0001,1,True
吭,0.0001,1,True
吮,0.0001,1,True
吶,0.0001,1,True
吻,0.0001,1,True
吼,0.0001,1,True
吽,0.0001,1,True
呀,0.0001,1,True
呎,0.0001,1,True
呟,0.0001,1,True
呰,0.0001,1,True
呱,0.0001,1,True
呵,0.0001,1,True
呶,0.0001,1,True
呷,0.0001,1,True
呻,0.0001,1,True
咀,0.0001,1,True
咄,0.0001,1,True
咆,0.0001,1,True
咋,0.0001,1,True
咎,0.0001,1,True
咏,0.0001,1,True
咐,0.0001,1,True
咒,0.0001,1,True
咤,0.0001,1,True
咥,0.0001,1,True
咫,0.0001,1,True
咬,0.0001,1,True
咯,0.0001,1,True
咳,0.0001,1,True
咾,0.0001,1,True
哂,0.0001,1,True
哄,0.0001,1,True
哇,0.0001,1,True
哈,0.0001,1,True
哉,0.0001,1,True
哘,0.0001,1,True
哢,0.0001,1,True
哦,0.0001,1,True
哨,0.0001,1,True
哩,0.0001,1,True
哭,0.0001,1,True
哮,0.0001,1,True
哽,0.0001,1,True
唏,0.0001,1,True
唔,0.0001,1,True
唖,0.0001,1,True
售,0.0001,1,True
唳,0.0001,1,True
唸,0.0001,1,True
唹,0.0001,1,True
啀,0.0001,1,True
啄,0.0001,1,True
啅,0.0001,1,True
啌,0.0001,1,True
啖,0.0001,1,True
啗,0.0001,1,True
啜,0.0001,1,True
啝,0.0001,1,True
啣,0.0001,1,True
啻,0.0001,1,True
啼,0.0001,1,True
啾,0.0001,1,True
喀,0.0001,1,True
喃,0.0001,1,True
喇,0.0001,1,True
喊,0.0001,1,True
喋,0.0001,1,True
喘,0.0001,1,True
喙,0.0001,1,True
喞,0.0001,1,True
喟,0.0001,1,True
喨,0.0001,1,True
喰,0.0001,1,True
嗄,0.0001,1,True
嗔,0.0001,1,True
嗚,0.0001,1,True
嗜,0.0001,1,True
嗟,0.0001,1,True
嗤,0.0001,1,True
嗷,0.0001,1,True
嗹,0.0001,1,True
嗽,0.0001,1,True
嗾,0.0001,1,True
嘔,0.0001,1,True
嘖,0.0001,1,True
嘗,0.0001,1,True
嘛,0.0001,1,True
嘯,0.0001,1,True
嘴,0.0001,1,True
嘶,0.0001,1,True
嘸,0.0001,1,True
噌,0.0001,1,True
噎,0.0001,1,True
噐,0.0001,1,True
噓,0.0001,1,True
噛,0.0001,1,True
噤,0.0001,1,True
噪,0.0001,1,True
噫,0.0001,1,True
噬,0.0001,1,True
噸,0.0001,1,True
噺,0.0001,1,True
嚀,0.0001,1,True
嚆,0.0001,1,True
嚊,0.0001,1,True
嚏,0.0001,1,True
嚔,0.0001,1,True
嚠,0.0001,1,True
嚢,0.0001,1,True
嚥,0.0001,1,True
嚮,0.0001,1,True
嚶,0.0001,1,True
嚼,0.0001,1,True
囀,0.0001,1,True
囁,0.0001,1,True
囂,0.0001,1,True
囃,0.0001,1,True
囈,0.0001,1,True
囎,0.0001,1,True
囑,0.0001,1,True
囓,0.0001,1,True
囘,0.0001,1,True
囮,0.0001,1,True
囹,0.0001,1,True
囿,0.0001,1,True
圀,0.0001,1,True
圃,0.0001,1,True
圄,0.0001,1,True
圈,0.0001,1,True
圉,0.0001,1,True
圍,0.0001,1,True
圓,0.0001,1,True
圖,0.0001,1,True
團,0.0001,1,True
圜,0.0001,1,True
圦,0.0001,1,True
圷,0.0001,1,True
圸,0.0001,1,True
圻,0.0001,1,True
址,0.0001,1,True
坎,0.0001,1,True
坏,0.0001,1,True
坡,0.0001,1,True
坤,0.0001,1,True
坦,0.0001,1,True
坩,0.0001,1,True
坿,0.0001,1,True
垈,0.0001,1,True
垉,0.0001,1,True
垓,0.0001,1,True
垠,0.0001,1,True
垢,0.0001,1,True
垤,0.0001,1,True
垪,0.0001,1,True
垰,0.0001,1,True
垳,0.0001,1,True
埀,0.0001,1,True
埃,0.0001,1,True
埆,0.0001,1,True
埒,0.0001,1,True
埓,0.0001,1,True
埔,0.0001,1,True
埖,0.0001,1,True
埜,0.0001,1,True
埠,0.0001,1,True
埣,0.0001,1,True
埴,0.0001,1,True
埵,0.0001,1,True
堊,0.0001,1,True
堋,0.0001,1,True
堙,0.0001,1,True
堝,0.0001,1,True
堡,0.0001,1,True
堰,0.0001,1,True
堵,0.0001,1,True
堺,0.0001,1,True
堽,0.0001,1,True
塋,0.0001,1,True
塒,0.0001,1,True
塘,0.0001,1,True
塙,0.0001,1,True
塢,0.0001,1,True
填,0.0001,1,True
塰,0.0001,1,True
塲,0.0001,1,True
塵,0.0001,1,True
塹,0.0001,1,True
墅,0.0001,1,True
墟,0.0001,1,True
墫,0.0001,1,True
墮,0.0001,1,True
墸,0.0001,1,True
墹,0.0001,1,True
墺,0.0001,1,True
墻,0.0001,1,True
壅,0.0001,1,True
壑,0.0001,1,True
壓,0.0001,1,True
壕,0.0001,1,True
壗,0.0001,1,True
壘,0.0001,1,True
壙,0.0001,1,True
壜,0.0001,1,True
壞,0.0001,1,True
壟,0.0001,1,True
壤,0.0001,1,True
壥,0.0001,1,True
壷,0.0001,1,True
壺,0.0001,1,True
壻,0.0001,1,True
壼,0.0001,1,True
处,0.0001,1,False
夊,0.0001,1,True
夘,0.0001,1,True
夙,0.0001,1,True
夛,0.0001,1,True
夥,0.0001,1,True
奎,0.0001,1,True
奕,0.0001,1,True
套,0.0001,1,True
奘,0.0001,1,True
奢,0.0001,1,True
奩,0.0001,1,True
奬,0.0001,1,True
奸,0.0001,1,True
妁,0.0001,1,True
妍,0.0001,1,True
妓,0.0001,1,True
妛,0.0001,1,True
妝,0.0001,1,True
妣,0.0001,1,True
妲,0.0001,1,True
姆,0.0001,1,True
姐,0.0001,1,True
姑,0.0001,1,True
姙,0.0001,1,True
姚,0.0001,1,True
姜,0.0001,1,True
姥,0.0001,1,True
姦,0.0001,1,True
姨,0.0001,1,True
姪,0.0001,1,True
姶,0.0001,1,True
娃,0.0001,1,True
娉,0.0001,1,True
娑,0.0001,1,True
娜,0.0001,1,True
娟,0.0001,1,True
娥,0.0001,1,True
娩,0.0001,1,True
娵,0.0001,1,True
娶,0.0001,1,True
娼,0.0001,1,True
婀,0.0001,1,True
婉,0.0001,1,True
婢,0.0001,1,True
婪,0.0001,1,True
婬,0.0001,1,True
媚,0.0001,1,True
媼,0.0001,1,True
媽,0.0001,1,True
媾,0.0001,1,True
嫂,0.0001,1,True
嫋,0.0001,1,True
嫐,0.0001,1,True
嫖,0.0001,1,True
嫗,0.0001,1,True
嫣,0.0001,1,True
嫦,0.0001,1,True
嫩,0.0001,1,True
嫺,0.0001,1,True
嫻,0.0001,1,True
嬋,0.0001,1,True
嬌,0.0001,1,True
嬖,0.0001,1,True
嬪,0.0001,1,True
嬬,0.0001,1,True
嬲,0.0001,1,True
嬶,0.0001,1,True
嬾,0.0001,1,True
孀,0.0001,1,True
孃,0.0001,1,True
孅,0.0001,1,True
孑,0.0001,1,True
孕,0.0001,1,True
孜,0.0001,1,True
孥,0.0001,1,True
孩,0.0001,1,True
孳,0.0001,1,True
孵,0.0001,1,True
學,0.0001,1,True
孺,0.0001,1,True
宋,0.0001,1,True
宍,0.0001,1,True
宕,0.0001,1,True
宥,0.0001,1,True
宦,0.0001,1,True
宸,0.0001,1,True
寃,0.0001,1,True
寇,0.0001,1,True
寐,0.0001,1,True
寓,0.0001,1,True
寔,0.0001,1,True
寞,0.0001,1,True
寢,0.0001,1,True
寤,0.0001,1,True
寥,0.0001,1,True
實,0.0001,1,True
寨,0.0001,1,True
寰,0.0001,1,True
寳,0.0001,1,True
寵,0.0001,1,True
寶,0.0001,1,True
尅,0.0001,1,True
對,0.0001,1,True
尖,0.0001,1,True
尠,0.0001,1,True
屁,0.0001,1,True
屆,0.0001,1,True
屍,0.0001,1,True
屐,0.0001,1,True
屑,0.0001,1,True
屓,0.0001,1,True
屠,0.0001,1,True
屡,0.0001,1,True
屶,0.0001,1,True
屹,0.0001,1,True
岌,0.0001,1,True
岑,0.0001,1,True
岔,0.0001,1,True
岨,0.0001,1,True
岫,0.0001,1,True
岱,0.0001,1,True
岶,0.0001,1,True
岷,0.0001,1,True
岻,0.0001,1,True
岼,0.0001,1,True
岾,0.0001,1,True
峅,0.0001,1,True
峇,0.0001,1,True
峙,0.0001,1,True
峨,0.0001,1,True
峩,0.0001,1,True
峪,0.0001,1,True
峭,0.0001,1,True
峯,0.0001,1,True
峺,0.0001,1,True
峻,0.0001,1,True
峽,0.0001,1,True
崋,0.0001,1,True
崑,0.0001,1,True
崕,0.0001,1,True
崗,0.0001,1,True
崘,0.0001,1,True
崙,0.0001,1,True
崚,0.0001,1,True
崛,0.0001,1,True
崟,0.0001,1,True
崢,0.0001,1,True
嵋,0.0001,1,True
嵌,0.0001,1,True
嵎,0.0001,1,True
嵜,0.0001,1,True
嵩,0.0001,1,True
嵬,0.0001,1,True
嵯,0.0001,1,True
嵳,0.0001,1,True
嵶,0.0001,1,True
嶂,0.0001,1,True
嶄,0.0001,1,True
嶇,0.0001,1,True
嶌,0.0001,1,True
嶐,0.0001,1,True
嶝,0.0001,1,True
嶢,0.0001,1,True
嶬,0.0001,1,True
嶮,0.0001,1,True
嶷,0.0001,1,True
嶺,0.0001,1,True
嶼,0.0001,1,True
嶽,0.0001,1,True
巂,0.0001,1,False
巉,0.0001,1,True
巌,0.0001,1,True
巍,0.0001,1,True
巒,0.0001,1,True
巓,0.0001,1,True
巖,0.0001,1,True
已,0.0001,1,True
巸,0.0001,1,True
帋,0.0001,1,True
帑,0.0001,1,True
帖,0.0001,1,True
帙,0.0001,1,True
帷,0.0001,1,True
幀,0.0001,1,True
幃,0.0001,1,True
幄,0.0001,1,True
幇,0.0001,1,True
幎,0.0001,1,True
幔,0.0001,1,True
幗,0.0001,1,True
幟,0.0001,1,True
幢,0.0001,1,True
幤,0.0001,1,True
庇,0.0001,1,True
庖,0.0001,1,True
庚,0.0001,1,True
庠,0.0001,1,True
廁,0.0001,1,True
廂,0.0001,1,True
廈,0.0001,1,True
廏,0.0001,1,True
廐,0.0001,1,True
廓,0.0001,1,True
廖,0.0001,1,True
廚,0.0001,1,True
廝,0.0001,1,True
廟,0.0001,1,True
廠,0.0001,1,True
廡,0.0001,1,True
廢,0.0001,1,True
廨,0.0001,1,True
廩,0.0001,1,True
廬,0.0001,1,True
廰,0.0001,1,True
廱,0.0001,1,True
廳,0.0001,1,True
廸,0.0001,1,True
廼,0.0001,1,True
弃,0.0001,1,True
弉,0.0001,1,True
弌,0.0001,1,True
弑,0.0001,1,True
弖,0.0001,1,True
弛,0.0001,1,True
弩,0.0001,1,True
弭,0.0001,1,True
弸,0.0001,1,True
弼,0.0001,1,True
彁,0.0001,1,True
彈,0.0001,1,True
彊,0.0001,1,True
彐,0.0001,1,True
彜,0.0001,1,True
彝,0.0001,1,True
彪,0.0001,1,True
彬,0.0001,1,True
彷,0.0001,1,True
彿,0.0001,1,True
徂,0.0001,1,True
徃,0.0001,1,True
徇,0.0001,1,True
很,0.0001,1,True
徊,0.0001,1,True
徑,0.0001,1,True
徘,0.0001,1,True
徙,0.0001,1,True
徠,0.0001,1,True
徨,0.0001,1,True
徭,0.0001,1,True
徼,0.0001,1,True
徽,0.0001,1,True
忖,0.0001,1,True
忤,0.0001,1,True
忰,0.0001,1,True
忱,0.0001,1,True
忸,0.0001,1,True
忻,0.0001,1,True
忿,0.0001,1,True
怎,0.0001,1,True
怏,0.0001,1,True
怐,0.0001,1,True
怕,0.0001,1,True
怙,0.0001,1,True
怛,0.0001,1,True
怜,0.0001,1,True
怡,0.0001,1,True
怦,0.0001,1,True
怩,0.0001,1,True
怫,0.0001,1,True
怯,0.0001,1,True
怺,0.0001,1,True
恁,0.0001,1,True
恂,0.0001,1,True
恃,0.0001,1,True
恆,0.0001,1,True
恊,0.0001,1,True
恍,0.0001,1,True
恕,0.0001,1,True
恙,0.0001,1,True
恚,0.0001,1,True
恟,0.0001,1,True
恠,0.0001,1,True
恢,0.0001,1,True
恤,0.0001,1,True
恪,0.0001,1,True
恫,0.0001,1,True
恬,0.0001,1,True
恰,0.0001,1,True
恷,0.0001,1,True
悁,0.0001,1,True
悃,0.0001,1,True
悄,0.0001,1,True
悋,0.0001,1,True
悌,0.0001,1,True
悍,0.0001,1,True
悒,0.0001,1,True
悖,0.0001,1,True
悗,0.0001,1,True
悚,0.0001,1,True
悛,0.0001,1,True
悧,0.0001,1,True
悳,0.0001,1,True
悴,0.0001,1,True
悵,0.0001,1,True
悶,0.0001,1,True
悸,0.0001,1,True
悽,0.0001,1,True
惆,0.0001,1,True
惇,0.0001,1,True
惓,0.0001,1,True
惘,0.0001,1,True
惚,0.0001,1,True
惣,0.0001,1,True
惱,0.0001,1,True
惴,0.0001,1,True
惶,0.0001,1,True
惷,0.0001,1,True
惹,0.0001,1,True
惺,0.0001,1,True
惻,0.0001,1,True
愀,0.0001,1,True
愃,0.0001,1,True
愆,0.0001,1,True
愍,0.0001,1,True
愎,0.0001,1,True
愕,0.0001,1,True
愡,0.0001,1,True
愧,0.0001,1,True
愨,0.0001,1,True
愬,0.0001,1,True
愴,0.0001,1,True
愼,0.0001,1,True
愽,0.0001,1,True
愾,0.0001,1,True
愿,0.0001,1,True
慂,0.0001,1,True
慇,0.0001,1,True
慊,0.0001,1,True
慍,0.0001,1,True
慓,0.0001,1,True
慘,0.0001,1,True
慙,0.0001,1,True
慚,0.0001,1,True
慝,0.0001,1,True
慟,0.0001,1,True
慥,0.0001,1,True
慧,0.0001,1,True
慫,0.0001,1,True
慯,0.0001,1,True
慱,0.0001,1,True
慳,0.0001,1,True
慴,0.0001,1,True
慵,0.0001,1,True
慷,0.0001,1,True
慾,0.0001,1,True
憇,0.0001,1,True
憊,0.0001,1,True
憐,0.0001,1,True
憑,0.0001,1,True
憔,0.0001,1,True
憖,0.0001,1,True
憙,0.0001,1,True
憚,0.0001,1,True
憫,0.0001,1,True
憮,0.0001,1,True
憺,0.0001,1,True
懃,0.0001,1,True
懆,0.0001,1,True
懈,0.0001,1,True
懊,0.0001,1,True
懋,0.0001,1,True
懌,0.0001,1,True
懍,0.0001,1,True
懣,0.0001,1,True
懦,0.0001,1,True
懴,0.0001,1,True
懶,0.0001,1,True
懷,0.0001,1,True
懺,0.0001,1,True
懼,0.0001,1,True
懽,0.0001,1,True
懾,0.0001,1,True
懿,0.0001,1,True
戀,0.0001,1,True
戛,0.0001,1,True
戝,0.0001,1,True
戞,0.0001,1,True
戟,0.0001,1,True
戡,0.0001,1,True
截,0.0001,1,True
戮,0.0001,1,True
戰,0.0001,1,True
戲,0.0001,1,True
戳,0.0001,1,True
扎,0.0001,1,True
托,0.0001,1,True
扛,0.0001,1,True
扞,0.0001,1,True
扠,0.0001,1,True
扣,0.0001,1,True
扨,0.0001,1,True
扮,0.0001,1,True
扼,0.0001,1,True
找,0.0001,1,True
抂,0.0001,1,True
抃,0.0001,1,True
抉,0.0001,1,True
抒,0.0001,1,True
抓,0.0001,1,True
抔,0.0001,1,True
抖,0.0001,1,True
抛,0.0001,1,True
抬,0.0001,1,True
抻,0.0001,1,True
拂,0.0001,1,True
拆,0.0001,1,True
拇,0.0001,1,True
拈,0.0001,1,True
拊,0.0001,1,True
拌,0.0001,1,True
拏,0.0001,1,True
拔,0.0001,1,True
拗,0.0001,1,True
拮,0.0001,1,True
拯,0.0001,1,True
拱,0.0001,1,True
拵,0.0001,1,True
拿,0.0001,1,True
挂,0.0001,1,True
挈,0.0001,1,True
按,0.0001,1,True
挌,0.0001,1,True
挧,0.0001,1,True
挺,0.0001,1,True
挽,0.0001,1,True
挾,0.0001,1,True
捌,0.0001,1,True
捍,0.0001,1,True
捏,0.0001,1,True
捐,0.0001,1,True
捩,0.0001,1,True
捫,0.0001,1,True
捲,0.0001,1,True
捶,0.0001,1,True
捷,0.0001,1,True
捺,0.0001,1,True
掀,0.0001,1,True
掉,0.0001,1,True
掎,0.0001,1,True
掏,0.0001,1,True
掖,0.0001,1,True
掟,0.0001,1,True
掠,0.0001,1,True
掣,0.0001,1,True
掩,0.0001,1,True
掫,0.0001,1,True
掬,0.0001,1,True
掴,0.0001,1,True
掵,0.0001,1,True
掻,0.0001,1,True
掾,0.0001,1,True
揀,0.0001,1,True
揄,0.0001,1,True
揆,0.0001,1,True
揉,0.0001,1,True
插,0.0001,1,True
揖,0.0001,1,True
揣,0.0001,1,True
揩,0.0001,1,True
揶,0.0001,1,True
搆,0.0001,1,True
搏,0.0001,1,True
搓,0.0001,1,True
搖,0.0001,1,True
搗,0.0001,1,True
搜,0.0001,1,True
搦,0.0001,1,True
搨,0.0001,1,True
搴,0.0001,1,True
搶,0.0001,1,True
摎,0.0001,1,True
摑,0.0001,1,True
摧,0.0001,1,True
摶,0.0001,1,True
摸,0.0001,1,True
摺,0.0001,1,True
撈,0.0001,1,True
撒,0.0001,1,True
撓,0.0001,1,True
撕,0.0001,1,True
撚,0.0001,1,True
撞,0.0001,1,True
撥,0.0001,1,True
撩,0.0001,1,True
撫,0.0001,1,True
播,0.0001,1,True
撰,0.0001,1,True
撹,0.0001,1,True
撻,0.0001,1,True
撼,0.0001,1,True
擂,0.0001,1,True
擅,0.0001,1,True
擇,0.0001,1,True
擒,0.0001,1,True
擔,0.0001,1,True
擘,0.0001,1,True
據,0.0001,1,True
擠,0.0001,1,True
擡,0.0001,1,True
擢,0.0001,1,True
擣,0.0001,1,True
擯,0.0001,1,True
擱,0.0001,1,True
擲,0.0001,1,True
擴,0.0001,1,True
擶,0.0001,1,True
擺,0.0001,1,True
擽,0.0001,1,True
擾,0.0001,1,True
攀,0.0001,1,True
攅,0.0001,1,True
攘,0.0001,1,True
攜,0.0001,1,True
攝,0.0001,1,True
攣,0.0001,1,True
攤,0.0001,1,True
攪,0.0001,1,True
攫,0.0001,1,True
攬,0.0001,1,True
收,0.0001,1,True
攷,0.0001,1,True
敄,0.0001,1,True
敍,0.0001,1,True
敘,0.0001,1,True
敲,0.0001,1,True
斃,0.0001,1,True
斈,0.0001,1,True
斟,0.0001,1,True
斡,0.0001,1,True
斧,0.0001,1,True
斫,0.0001,1,True
斷,0.0001,1,True
旃,0.0001,1,True
旄,0.0001,1,True
旆,0.0001,1,True
旌,0.0001,1,True
旒,0.0001,1,True
旙,0.0001,1,True
旛,0.0001,1,True
无,0.0001,1,True
旭,0.0001,1,True
旻,0.0001,1,True
昂,0.0001,1,True
昃,0.0001,1,True
昊,0.0001,1,True
昴,0.0001,1,True
昵,0.0001,1,True
昶,0.0001,1,True
昿,0.0001,1,True
晁,0.0001,1,True
晄,0.0001,1,True
晋,0.0001,1,True
晏,0.0001,1,True
晒,0.0001,1,True
晝,0.0001,1,True
晞,0.0001,1,True
晟,0.0001,1,True
晢,0.0001,1,True
晤,0.0001,1,True
晦,0.0001,1,True
晧,0.0001,1,True
晨,0.0001,1,True
晰,0.0001,1,True
暃,0.0001,1,True
暄,0.0001,1,True
暈,0.0001,1,True
暉,0.0001,1,True
暎,0.0001,1,True
暘,0.0001,1,True
暝,0.0001,1,True
暢,0.0001,1,True
暸,0.0001,1,True
暹,0.0001,1,True
暼,0.0001,1,True
暾,0.0001,1,True
曁,0.0001,1,True
曄,0.0001,1,True
曉,0.0001,1,True
曙,0.0001,1,True
曚,0.0001,1,True
曝,0.0001,1,True
曠,0.0001,1,True
曦,0.0001,1,True
曩,0.0001,1,True
曰,0.0001,1,True
曵,0.0001,1,True
朁,0.0001,1,True
朏,0.0001,1,True
朖,0.0001,1,True
朞,0.0001,1,True
朦,0.0001,1,True
朧,0.0001,1,True
朷,0.0001,1,True
朸,0.0001,1,True
杁,0.0001,1,True
杆,0.0001,1,True
杏,0.0001,1,True
杓,0.0001,1,True
杙,0.0001,1,True
杜,0.0001,1,True
杞,0.0001,1,True
杠,0.0001,1,True
杢,0.0001,1,True
杣,0.0001,1,True
杤,0.0001,1,True
杪,0.0001,1,True
杭,0.0001,1,True
杰,0.0001,1,True
杲,0.0001,1,True
杳,0.0001,1,True
杵,0.0001,1,True
杷,0.0001,1,True
杼,0.0001,1,True
枅,0.0001,1,True
枇,0.0001,1,True
枉,0.0001,1,True
枋,0.0001,1,True
枌,0.0001,1,True
枡,0.0001,1,True
枦,0.0001,1,True
枩,0.0001,1,True
枳,0.0001,1,True
枴,0.0001,1,True
枷,0.0001,1,True
枸,0.0001,1,True
枹,0.0001,1,True
柁,0.0001,1,True
柆,0.0001,1,True
柊,0.0001,1,True
柎,0.0001,1,True
柏,0.0001,1,True
柑,0.0001,1,True
柘,0.0001,1,True
柚,0.0001,1,True
柝,0.0001,1,True
柞,0.0001,1,True
柢,0.0001,1,True
柤,0.0001,1,True
柧,0.0001,1,True
柩,0.0001,1,True
柮,0.0001,1,True
柯,0.0001,1,True
柾,0.0001,1,True
栂,0.0001,1,True
栖,0.0001,1,True
栞,0.0001,1,True
栢,0.0001,1,True
栩,0.0001,1,True
栫,0.0001,1,True
栲,0.0001,1,True
栴,0.0001,1,True
框,0.0001,1,True
桍,0.0001,1,True
桎,0.0001,1,True
桓,0.0001,1,True
桔,0.0001,1,True
桙,0.0001,1,True
桝,0.0001,1,True
档,0.0001,1,True
桧,0.0001,1,True
桴,0.0001,1,True
桶,0.0001,1,True
桷,0.0001,1,True
桾,0.0001,1,True
桿,0.0001,1,True
梃,0.0001,1,True
梍,0.0001,1,True
梏,0.0001,1,True
梓,0.0001,1,True
梔,0.0001,1,True
梛,0.0001,1,True
梟,0.0001,1,True
梠,0.0001,1,True
梢,0.0001,1,True
梦,0.0001,1,True
梧,0.0001,1,True
梭,0.0001,1,True
梯,0.0001,1,True
梱,0.0001,1,True
梳,0.0001,1,True
梵,0.0001,1,True
梶,0.0001,1,True
梹,0.0001,1,True
梺,0.0001,1,True
梼,0.0001,1,True
棆,0.0001,1,True
棉,0.0001,1,True
棊,0.0001,1,True
棍,0.0001,1,True
棔,0.0001,1,True
棕,0.0001,1,True
棗,0.0001,1,True
棠,0.0001,1,True
棡,0.0001,1,True
棣,0.0001,1,True
棧,0.0001,1,True
棯,0.0001,1,True
棲,0.0001,1,True
棹,0.0001,1,True
椀,0.0001,1,True
椁,0.0001,1,True
椄,0.0001,1,True
椈,0.0001,1,True
椋,0.0001,1,True
椌,0.0001,1,True
椏,0.0001,1,True
椒,0.0001,1,True
椙,0.0001,1,True
椚,0.0001,1,True
椛,0.0001,1,True
椡,0.0001,1,True
椢,0.0001,1,True
椣,0.0001,1,True
椥,0.0001,1,True
椦,0.0001,1,True
椨,0.0001,1,True
椪,0.0001,1,True
椰,0.0001,1,True
椴,0.0001,1,True
椶,0.0001,1,True
椹,0.0001,1,True
椽,0.0001,1,True
椿,0.0001,1,True
楊,0.0001,1,True
楓,0.0001,1,True
楔,0.0001,1,True
楕,0.0001,1,True
楜,0.0001,1,True
楝,0.0001,1,True
楞,0.0001,1,True
楠,0.0001,1,True
楡,0.0001,1,True
楢,0.0001,1,True
楪,0.0001,1,True
楫,0.0001,1,True
楮,0.0001,1,True
楯,0.0001,1,True
楳,0.0001,1,True
楴,0.0001,1,True
楸,0.0001,1,True
楹,0.0001,1,True
楾,0.0001,1,True
榁,0.0001,1,True
榊,0.0001,1,True
榎,0.0001,1,True
榑,0.0001,1,True
榔,0.0001,1,True
榕,0.0001,1,True
榛,0.0001,1,True
榜,0.0001,1,True
榠,0.0001,1,True
榧,0.0001,1,True
榱,0.0001,1,True
榲,0.0001,1,True
榴,0.0001,1,True
榻,0.0001,1,True
榾,0.0001,1,True
榿,0.0001,1,True
槁,0.0001,1,True
槃,0.0001,1,True
槇,0.0001,1,True
槊,0.0001,1,True
槌,0.0001,1,True
槎,0.0001,1,True
槐,0.0001,1,True
槓,0.0001,1,True
槙,0.0001,1,True
槝,0.0001,1,True
槞,0.0001,1,True
槧,0.0001,1,True
槨,0.0001,1,True
槫,0.0001,1,True
槭,0.0001,1,True
槲,0.0001,1,True
槹,0.0001,1,True
槻,0.0001,1,True
槿,0.0001,1,True
樅,0.0001,1,True
樋,0.0001,1,True
樌,0.0001,1,True
樒,0.0001,1,True
樓,0.0001,1,True
樔,0.0001,1,True
樗,0.0001,1,True
樛,0.0001,1,True
樞,0.0001,1,True
樟,0.0001,1,True
樢,0.0001,1,True
樣,0.0001,1,True
樫,0.0001,1,True
樮,0.0001,1,True
樵,0.0001,1,True
樶,0.0001,1,True
樸,0.0001,1,True
樺,0.0001,1,True
橄,0.0001,1,True
橇,0.0001,1,True
橈,0.0001,1,True
橘,0.0001,1,True
橙,0.0001,1,True
橡,0.0001,1,True
橢,0.0001,1,True
橦,0.0001,1,True
橲,0.0001,1,True
橸,0.0001,1,True
橿,0.0001,1,True
檀,0.0001,1,True
檄,0.0001,1,True
檍,0.0001,1,True
檎,0.0001,1,True
檐,0.0001,1,True
檗,0.0001,1,True
檜,0.0001,1,True
檠,0.0001,1,True
檢,0.0001,1,True
檣,0.0001,1,True
檪,0.0001,1,True
檬,0.0001,1,True
檮,0.0001,1,True
檳,0.0001,1,True
檸,0.0001,1,True
檻,0.0001,1,True
櫁,0.0001,1,True
櫂,0.0001,1,True
櫃,0.0001,1,True
櫑,0.0001,1,True
櫓,0.0001,1,True
櫚,0.0001,1,True
櫛,0.0001,1,True
櫞,0.0001,1,True
櫟,0.0001,1,True
櫨,0.0001,1,True
櫪,0.0001,1,True
櫺,0.0001,1,True
櫻,0.0001,1,True
欅,0.0001,1,True
權,0.0001,1,True
欒,0.0001,1,True
欖,0.0001,1,True
欝,0.0001,1,True
欟,0.0001,1,True
欷,0.0001,1,True
欸,0.0001,1,True
欹,0.0001,1,True
欽,0.0001,1,True
歃,0.0001,1,True
歉,0.0001,1,True
歎,0.0001,1,True
歐,0.0001,1,True
歔,0.0001,1,True
歙,0.0001,1,True
歛,0.0001,1,True
歟,0.0001,1,True
歡,0.0001,1,True
歨,0.0001,1,False
歪,0.0001,1,True
歰,0.0001,1,True
歸,0.0001,1,True
歿,0.0001,1,True
殀,0.0001,1,True
殃,0.0001,1,True
殆,0.0001,1,True
殍,0.0001,1,True
殕,0.0001,1,True
殘,0.0001,1,True
殞,0.0001,1,True
殤,0.0001,1,True
殪,0.0001,1,True
殫,0.0001,1,True
殯,0.0001,1,True
殱,0.0001,1,True
殲,0.0001,1,True
殼,0.0001,1,True
毅,0.0001,1,True
毆,0.0001,1,True
毓,0.0001,1,True
毘,0.0001,1,True
毟,0.0001,1,True
毫,0.0001,1,True
毬,0.0001,1,True
毯,0.0001,1,True
氈,0.0001,1,True
氓,0.0001,1,True
氛,0.0001,1,True
氤,0.0001,1,True
汀,0.0001,1,True
汐,0.0001,1,True
汕,0.0001,1,True
汝,0.0001,1,True
汞,0.0001,1,True
汢,0.0001,1,True
汨,0.0001,1,True
汪,0.0001,1,True
汲,0.0001,1,True
汳,0.0001,1,True
汾,0.0001,1,True
沁,0.0001,1,True
沂,0.0001,1,True
沌,0.0001,1,True
沍,0.0001,1,True
沐,0.0001,1,True
沒,0.0001,1,True
沚,0.0001,1,True
沫,0.0001,1,True
沮,0.0001,1,True
沱,0.0001,1,True
沺,0.0001,1,True
沽,0.0001,1,True
泄,0.0001,1,True
泅,0.0001,1,True
泓,0.0001,1,True
泗,0.0001,1,True
泛,0.0001,1,True
泝,0.0001,1,True
泪,0.0001,1,True
泯,0.0001,1,True
泱,0.0001,1,True
洌,0.0001,1,True
洒,0.0001,1,True
洙,0.0001,1,True
洟,0.0001,1,True
洩,0.0001,1,True
洫,0.0001,1,True
洲,0.0001,1,True
洳,0.0001,1,True
洵,0.0001,1,True
洶,0.0001,1,True
洸,0.0001,1,True
洽,0.0001,1,True
浙,0.0001,1,True
浚,0.0001,1,True
浣,0.0001,1,True
浤,0.0001,1,True
浬,0.0001,1,True
浹,0.0001,1,True
涅,0.0001,1,True
涎,0.0001,1,True
涓,0.0001,1,True
涕,0.0001,1,True
涛,0.0001,1,True
涜,0.0001,1,True
涵,0.0001,1,True
涸,0.0001,1,True
淀,0.0001,1,True
淅,0.0001,1,True
淆,0.0001,1,True
淇,0.0001,1,True
淋,0.0001,1,True
淌,0.0001,1,True
淒,0.0001,1,True
淕,0.0001,1,True
淘,0.0001,1,True
淙,0.0001,1,True
淞,0.0001,1,True
淤,0.0001,1,True
淦,0.0001,1,True
淨,0.0001,1,True
淪,0.0001,1,True
淬,0.0001,1,True
淹,0.0001,1,True
淺,0.0001,1,True
渊,0.0001,1,True
渕,0.0001,1,True
渙,0.0001,1,True
渚,0.0001,1,True
渝,0.0001,1,True
渟,0.0001,1,True
渠,0.0001,1,True
渣,0.0001,1,True
渤,0.0001,1,True
渥,0.0001,1,True
渫,0.0001,1,True
渭,0.0001,1,True
渮,0.0001,1,True
游,0.0001,1,True
渺,0.0001,1,True
渾,0.0001,1,True
湃,0.0001,1,True
湊,0.0001,1,True
湍,0.0001,1,True
湎,0.0001,1,True
湘,0.0001,1,True
湛,0.0001,1,True
湟,0.0001,1,True
湫,0.0001,1,True
湮,0.0001,1,True
湲,0.0001,1,True
湶,0.0001,1,True
溂,0.0001,1,True
溌,0.0001,1,True
溏,0.0001,1,True
溘,0.0001,1,True
溟,0.0001,1,True
溢,0.0001,1,True
溪,0.0001,1,True
溯,0.0001,1,True
溲,0.0001,1,True
溷,0.0001,1,True
溽,0.0001,1,True
滂,0.0001,1,True
滄,0.0001,1,True
滉,0.0001,1,True
滌,0.0001,1,True
滓,0.0001,1,True
滔,0.0001,1,True
滬,0.0001,1,True
滯,0.0001,1,True
滲,0.0001,1,True
滷,0.0001,1,True
滸,0.0001,1,True
滾,0.0001,1,True
漉,0.0001,1,True
漑,0.0001,1,True
漓,0.0001,1,True
漕,0.0001,1,True
漣,0.0001,1,True
漱,0.0001,1,True
漲,0.0001,1,True
漾,0.0001,1,True
漿,0.0001,1,True
潁,0.0001,1,True
潅,0.0001,1,True
潛,0.0001,1,True
潦,0.0001,1,True
潭,0.0001,1,True
潯,0.0001,1,True
潴,0.0001,1,True
潸,0.0001,1,True
潺,0.0001,1,True
潼,0.0001,1,True
澀,0.0001,1,True
澁,0.0001,1,True
澂,0.0001,1,True
澆,0.0001,1,True
澎,0.0001,1,True
澑,0.0001,1,True
澗,0.0001,1,True
澣,0.0001,1,True
澪,0.0001,1,True
澱,0.0001,1,True
澳,0.0001,1,True
澹,0.0001,1,True
濂,0.0001,1,True
濆,0.0001,1,True
濔,0.0001,1,True
濕,0.0001,1,True
濘,0.0001,1,True
濛,0.0001,1,True
濟,0.0001,1,True
濠,0.0001,1,True
濤,0.0001,1,True
濬,0.0001,1,True
濮,0.0001,1,True
濱,0.0001,1,True
濳,0.0001,1,True
濶,0.0001,1,True
濺,0.0001,1,True
濾,0.0001,1,True
瀁,0.0001,1,True
瀆,0.0001,1,True
瀉,0.0001,1,True
瀋,0.0001,1,True
瀏,0.0001,1,True
瀑,0.0001,1,True
瀕,0.0001,1,True
瀘,0.0001,1,True
瀚,0.0001,1,True
瀛,0.0001,1,True
瀝,0.0001,1,True
瀞,0.0001,1,True
瀟,0.0001,1,True
瀦,0.0001,1,True
瀧,0.0001,1,True
瀰,0.0001,1,True
瀲,0.0001,1,True
瀾,0.0001,1,True
灌,0.0001,1,True
灑,0.0001,1,True
灘,0.0001,1,True
灣,0.0001,1,True
灸,0.0001,1,True
灼,0.0001,1,True
炙,0.0001,1,True
炬,0.0001,1,True
炮,0.0001,1,True
炯,0.0001,1,True
炳,0.0001,1,True
炸,0.0001,1,True
烋,0.0001,1,True
烙,0.0001,1,True
烟,0.0001,1,True
烱,0.0001,1,True
烹,0.0001,1,True
烽,0.0001,1,True
焔,0.0001,1,True
焙,0.0001,1,True
焚,0.0001,1,True
焜,0.0001,1,True
焰,0.0001,1,True
煉,0.0001,1,True
煌,0.0001,1,True
煕,0.0001,1,True
煖,0.0001,1,True
煢,0.0001,1,True
煤,0.0001,1,True
煥,0.0001,1,True
煦,0.0001,1,True
煬,0.0001,1,True
煽,0.0001,1,True
熄,0.0001,1,True
熈,0.0001,1,True
熔,0.0001,1,True
熕,0.0001,1,True
熙,0.0001,1,True
熨,0.0001,1,True
熬,0.0001,1,True
熹,0.0001,1,True
熾,0.0001,1,True
燈,0.0001,1,True
燉,0.0001,1,True
燎,0.0001,1,True
燐,0.0001,1,True
燒,0.0001,1,True
燔,0.0001,1,True
燗,0.0001,1,True
營,0.0001,1,True
燠,0.0001,1,True
燦,0.0001,1,True
燧,0.0001,1,True
燬,0.0001,1,True
燭,0.0001,1,True
燮,0.0001,1,True
燵,0.0001,1,True
燹,0.0001,1,True
燻,0.0001,1,True
燼,0.0001,1,True
燿,0.0001,1,True
爍,0.0001,1,True
爐,0.0001,1,True
爛,0.0001,1,True
爨,0.0001,1,True
爬,0.0001,1,True
爺,0.0001,1,True
爼,0.0001,1,True
牀,0.0001,1,True
牆,0.0001,1,True
牋,0.0001,1,True
牌,0.0001,1,True
牒,0.0001,1,True
牘,0.0001,1,True
牝,0.0001,1,True
牡,0.0001,1,True
牢,0.0001,1,True
牴,0.0001,1,True
牽,0.0001,1,True
牾,0.0001,1,True
犁,0.0001,1,True
犂,0.0001,1,True
犇,0.0001,1,True
犒,0.0001,1,True
犖,0.0001,1,True
犢,0.0001,1,True
犧,0.0001,1,True
犭,0.0001,1,True
犲,0.0001,1,True
犹,0.0001,1,True
狃,0.0001,1,True
狆,0.0001,1,True
狎,0.0001,1,True
狒,0.0001,1,True
狗,0.0001,1,True
狛,0.0001,1,True
狠,0.0001,1,True
狡,0.0001,1,True
狢,0.0001,1,True
狷,0.0001,1,True
狸,0.0001,1,True
狹,0.0001,1,True
狽,0.0001,1,True
猊,0.0001,1,True
猋,0.0001,1,True
猖,0.0001,1,True
猗,0.0001,1,True
猜,0.0001,1,True
猝,0.0001,1,True
猥,0.0001,1,True
猩,0.0001,1,True
猯,0.0001,1,True
猴,0.0001,1,True
猷,0.0001,1,True
猾,0.0001,1,True
獎,0.0001,1,True
獏,0.0001,1,True
獗,0.0001,1,True
獨,0.0001,1,True
獪,0.0001,1,True
獰,0.0001,1,True
獵,0.0001,1,True
獸,0.0001,1,True
獺,0.0001,1,True
獻,0.0001,1,True
玖,0.0001,1,True
玲,0.0001,1,True
玳,0.0001,1,True
玻,0.0001,1,True
珀,0.0001,1,True
珂,0.0001,1,True
珈,0.0001,1,True
珊,0.0001,1,True
珎,0.0001,1,True
珞,0.0001,1,True
珥,0.0001,1,True
珪,0.0001,1,True
珮,0.0001,1,True
珱,0.0001,1,True
珸,0.0001,1,True
琅,0.0001,1,True
琉,0.0001,1,True
琢,0.0001,1,True
琥,0.0001,1,True
琲,0.0001,1,True
琳,0.0001,1,True
琵,0.0001,1,True
琺,0.0001,1,True
琿,0.0001,1,True
瑁,0.0001,1,True
瑕,0.0001,1,True
瑙,0.0001,1,True
瑚,0.0001,1,True
瑛,0.0001,1,True
瑜,0.0001,1,True
瑞,0.0001,1,True
瑟,0.0001,1,True
瑣,0.0001,1,True
瑤,0.0001,1,True
瑩,0.0001,1,True
瑪,0.0001,1,True
瑯,0.0001,1,True
瑰,0.0001,1,True
瑳,0.0001,1,True
瑶,0.0001,1,True
瑾,0.0001,1,True
璋,0.0001,1,True
璞,0.0001,1,True
璢,0.0001,1,True
瓊,0.0001,1,True
瓏,0.0001,1,True
瓔,0.0001,1,True
瓠,0.0001,1,True
瓢,0.0001,1,True
瓣,0.0001,1,True
瓧,0.0001,1,True
瓩,0.0001,1,True
瓮,0.0001,1,True
瓰,0.0001,1,True
瓱,0.0001,1,True
瓲,0.0001,1,True
瓷,0.0001,1,True
瓸,0.0001,1,True
甃,0.0001,1,True
甄,0.0001,1,True
甅,0.0001,1,True
甌,0.0001,1,True
甍,0.0001,1,True
甎,0.0001,1,True
甑,0.0001,1,True
甓,0.0001,1,True
甕,0.0001,1,True
甞,0.0001,1,True
甥,0.0001,1,True
甦,0.0001,1,True
甸,0.0001,1,True
甼,0.0001,1,True
畄,0.0001,1,True
畆,0.0001,1,True
畉,0.0001,1,True
畊,0.0001,1,True
畋,0.0001,1,True
畍,0.0001,1,True
畚,0.0001,1,True
畛,0.0001,1,True
畠,0.0001,1,True
畤,0.0001,1,True
畦,0.0001,1,True
畧,0.0001,1,True
畩,0.0001,1,True
畭,0.0001,1,True
畴,0.0001,1,True
畷,0.0001,1,True
畸,0.0001,1,True
疂,0.0001,1,True
疆,0.0001,1,True
疇,0.0001,1,True
疉,0.0001,1,True
疊,0.0001,1,True
疌,0.0001,1,True
疔,0.0001,1,True
疚,0.0001,1,True
疝,0.0001,1,True
疣,0.0001,1,True
疥,0.0001,1,True
疱,0.0001,1,True
疳,0.0001,1,True
疵,0.0001,1,True
疸,0.0001,1,True
疹,0.0001,1,True
疼,0.0001,1,True
疽,0.0001,1,True
痂,0.0001,1,True
痃,0.0001,1,True
痊,0.0001,1,True
痍,0.0001,1,True
痒,0.0001,1,True
痔,0.0001,1,True
痙,0.0001,1,True
痞,0.0001,1,True
痣,0.0001,1,True
痰,0.0001,1,True
痲,0.0001,1,True
痳,0.0001,1,True
痼,0.0001,1,True
痾,0.0001,1,True
痿,0.0001,1,True
瘁,0.0001,1,True
瘉,0.0001,1,True
瘋,0.0001,1,True
瘟,0.0001,1,True
瘠,0.0001,1,True
瘡,0.0001,1,True
瘢,0.0001,1,True
瘤,0.0001,1,True
瘧,0.0001,1,True
瘰,0.0001,1,True
瘴,0.0001,1,True
瘻,0.0001,1,True
癆,0.0001,1,True
癇,0.0001,1,True
癈,0.0001,1,True
癘,0.0001,1,True
癜,0.0001,1,True
癡,0.0001,1,True
癢,0.0001,1,True
癧,0.0001,1,True
癨,0.0001,1,True
癩,0.0001,1,True
癪,0.0001,1,True
癬,0.0001,1,True
癰,0.0001,1,True
癲,0.0001,1,True
皅,0.0001,1,True
皈,0.0001,1,True
皋,0.0001,1,True
皎,0.0001,1,True
皓,0.0001,1,True
皖,0.0001,1,True
皙,0.0001,1,True
皚,0.0001,1,True
皰,0.0001,1,True
皴,0.0001,1,True
皷,0.0001,1,True
皸,0.0001,1,True
皹,0.0001,1,True
皺,0.0001,1,True
盂,0.0001,1,True
盃,0.0001,1,True
盒,0.0001,1,True
盖,0.0001,1,True
盜,0.0001,1,True
盞,0.0001,1,True
盥,0.0001,1,True
盪,0.0001,1,True
盻,0.0001,1,True
眄,0.0001,1,True
眈,0.0001,1,True
眔,0.0001,1,True
眛,0.0001,1,True
眤,0.0001,1,True
眥,0.0001,1,True
眦,0.0001,1,True
眩,0.0001,1,True
眷,0.0001,1,True
眸,0.0001,1,True
睇,0.0001,1,True
睚,0.0001,1,True
睛,0.0001,1,True
睥,0.0001,1,True
睨,0.0001,1,True
睫,0.0001,1,True
睹,0.0001,1,True
睾,0.0001,1,True
瞋,0.0001,1,True
瞎,0.0001,1,True
瞑,0.0001,1,True
瞞,0.0001,1,True
瞠,0.0001,1,True
瞥,0.0001,1,True
瞰,0.0001,1,True
瞶,0.0001,1,True
瞹,0.0001,1,True
瞻,0.0001,1,True
瞼,0.0001,1,True
瞽,0.0001,1,True
矇,0.0001,1,True
矗,0.0001,1,True
矚,0.0001,1,True
矜,0.0001,1,True
矧,0.0001,1,True
矩,0.0001,1,True
矮,0.0001,1,True
矼,0.0001,1,True
砌,0.0001,1,True
砒,0.0001,1,True
砠,0.0001,1,True
砥,0.0001,1,True
砦,0.0001,1,True
砧,0.0001,1,True
砺,0.0001,1,True
砿,0.0001,1,True
硅,0.0001,1,True
硯,0.0001,1,True
硲,0.0001,1,True
硴,0.0001,1,True
硼,0.0001,1,True
碆,0.0001,1,True
碇,0.0001,1,True
碌,0.0001,1,True
碍,0.0001,1,True
碎,0.0001,1,True
碓,0.0001,1,True
碕,0.0001,1,True
碚,0.0001,1,True
碣,0.0001,1,True
碧,0.0001,1,True
碩,0.0001,1,True
碪,0.0001,1,True
碯,0.0001,1,True
碵,0.0001,1,True
碼,0.0001,1,True
碾,0.0001,1,True
磅,0.0001,1,True
磆,0.0001,1,True
磊,0.0001,1,True
磋,0.0001,1,True
磐,0.0001,1,True
磑,0.0001,1,True
磔,0.0001,1,True
磚,0.0001,1,True
磧,0.0001,1,True
磬,0.0001,1,True
磴,0.0001,1,True
磽,0.0001,1,True
礇,0.0001,1,True
礑,0.0001,1,True
礒,0.0001,1,True
礙,0.0001,1,True
礦,0.0001,1,True
礪,0.0001,1,True
礫,0.0001,1,True
礬,0.0001,1,True
祀,0.0001,1,True
祁,0.0001,1,True
祇,0.0001,1,True
祐,0.0001,1,True
祓,0.0001,1,True
祕,0.0001,1,True
祗,0.0001,1,True
祚,0.0001,1,True
祟,0.0001,1,True
祠,0.0001,1,True
祢,0.0001,1,True
祷,0.0001,1,True
祺,0.0001,1,True
祿,0.0001,1,True
禊,0.0001,1,True
禎,0.0001,1,True
禝,0.0001,1,True
禦,0.0001,1,True
禧,0.0001,1,True
禪,0.0001,1,True
禮,0.0001,1,True
禰,0.0001,1,True
禱,0.0001,1,True
禳,0.0001,1,True
秉,0.0001,1,True
秕,0.0001,1,True
秡,0.0001,1,True
秣,0.0001,1,True
秤,0.0001,1,True
秧,0.0001,1,True
秬,0.0001,1,True
稈,0.0001,1,True
稍,0.0001,1,True
稔,0.0001,1,True
稗,0.0001,1,True
稘,0.0001,1,True
稙,0.0001,1,True
稠,0.0001,1,True
稱,0.0001,1,True
稷,0.0001,1,True
稻,0.0001,1,True
稾,0.0001,1,True
穃,0.0001,1,True
穆,0.0001,1,True
穉,0.0001,1,True
穎,0.0001,1,True
穐,0.0001,1,True
穗,0.0001,1,True
穡,0.0001,1,True
穢,0.0001,1,True
穣,0.0001,1,True
穩,0.0001,1,True
穰,0.0001,1,True
穹,0.0001,1,True
穽,0.0001,1,True
穿,0.0001,1,True
窈,0.0001,1,True
窕,0.0001,1,True
窖,0.0001,1,True
窗,0.0001,1,True
窘,0.0001,1,True
窩,0.0001,1,True
窪,0.0001,1,True
窰,0.0001,1,True
窶,0.0001,1,True
窺,0.0001,1,True
窿,0.0001,1,True
竃,0.0001,1,True
竄,0.0001,1,True
竅,0.0001,1,True
竇,0.0001,1,True
竈,0.0001,1,True
竊,0.0001,1,True
竍,0.0001,1,True
竏,0.0001,1,True
竓,0.0001,1,True
竕,0.0001,1,True
站,0.0001,1,True
竚,0.0001,1,True
竝,0.0001,1,True
竡,0.0001,1,True
竢,0.0001,1,True
竣,0.0001,1,True
竦,0.0001,1,True
竪,0.0001,1,True
竭,0.0001,1,True
竰,0.0001,1,True
竸,0.0001,1,True
竺,0.0001,1,True
竿,0.0001,1,True
笂,0.0001,1,True
笄,0.0001,1,True
笆,0.0001,1,True
笈,0.0001,1,True
笊,0.0001,1,True
笋,0.0001,1,True
笏,0.0001,1,True
笘,0.0001,1,True
笙,0.0001,1,True
笞,0.0001,1,True
笥,0.0001,1,True
笨,0.0001,1,True
笳,0.0001,1,True
笵,0.0001,1,True
笶,0.0001,1,True
筅,0.0001,1,True
筈,0.0001,1,True
筌,0.0001,1,True
筍,0.0001,1,True
筏,0.0001,1,True
筐,0.0001,1,True
筝,0.0001,1,True
筥,0.0001,1,True
筧,0.0001,1,True
筬,0.0001,1,True
筰,0.0001,1,True
筱,0.0001,1,True
筴,0.0001,1,True
筵,0.0001,1,True
筺,0.0001,1,True
箆,0.0001,1,True
箍,0.0001,1,True
箏,0.0001,1,True
箒,0.0001,1,True
箔,0.0001,1,True
箕,0.0001,1,True
箘,0.0001,1,True
箙,0.0001,1,True
箚,0.0001,1,True
箜,0.0001,1,True
箝,0.0001,1,True
箟,0.0001,1,True
箪,0.0001,1,True
箴,0.0001,1,True
篁,0.0001,1,True
篆,0.0001,1,True
篋,0.0001,1,True
篌,0.0001,1,True
篏,0.0001,1,True
篝,0.0001,1,True
篥,0.0001,1,True
篦,0.0001,1,True
篩,0.0001,1,True
篭,0.0001,1,True
篳,0.0001,1,True
篶,0.0001,1,True
篷,0.0001,1,True
簀,0.0001,1,True
簇,0.0001,1,True
簍,0.0001,1,True
簑,0.0001,1,True
簒,0.0001,1,True
簓,0.0001,1,True
簔,0.0001,1,True
簗,0.0001,1,True
簞,0.0001,1,True
簟,0.0001,1,True
簣,0.0001,1,True
簧,0.0001,1,True
簪,0.0001,1,True
簫,0.0001,1,True
簷,0.0001,1,True
簸,0.0001,1,True
簽,0.0001,1,True
簾,0.0001,1,True
籀,0.0001,1,True
籃,0.0001,1,True
籌,0.0001,1,True
籏,0.0001,1,True
籐,0.0001,1,True
籔,0.0001,1,True
籖,0.0001,1,True
籘,0.0001,1,True
籟,0.0001,1,True
籤,0.0001,1,True
籥,0.0001,1,True
籬,0.0001,1,True
籵,0.0001,1,True
籾,0.0001,1,True
粁,0.0001,1,True
粂,0.0001,1,True
粃,0.0001,1,True
粍,0.0001,1,True
粐,0.0001,1,True
粕,0.0001,1,True
粟,0.0001,1,True
粡,0.0001,1,True
粢,0.0001,1,True
粤,0.0001,1,True
粨,0.0001,1,True
粫,0.0001,1,True
粭,0.0001,1,True
粮,0.0001,1,True
粱,0.0001,1,True
粳,0.0001,1,True
粹,0.0001,1,True
粽,0.0001,1,True
糀,0.0001,1,True
糂,0.0001,1,True
糅,0.0001,1,True
糊,0.0001,1,True
糎,0.0001,1,True
糒,0.0001,1,True
糘,0.0001,1,True
糜,0.0001,1,True
糞,0.0001,1,True
糟,0.0001,1,True
糠,0.0001,1,True
糢,0.0001,1,True
糯,0.0001,1,True
糲,0.0001,1,True
糴,0.0001,1,True
糶,0.0001,1,True
糺,0.0001,1,True
紂,0.0001,1,True
紆,0.0001,1,True
紊,0.0001,1,True
紕,0.0001,1,True
紗,0.0001,1,True
紘,0.0001,1,True
紜,0.0001,1,True
紬,0.0001,1,True
紮,0.0001,1,True
紲,0.0001,1,True
紵,0.0001,1,True
紿,0.0001,1,True
絃,0.0001,1,True
絅,0.0001,1,True
絆,0.0001,1,True
絋,0.0001,1,True
絎,0.0001,1,True
絏,0.0001,1,True
絖,0.0001,1,True
絛,0.0001,1,True
絢,0.0001,1,True
絣,0.0001,1,True
絨,0.0001,1,True
絮,0.0001,1,True
絲,0.0001,1,True
絳,0.0001,1,True
絽,0.0001,1,True
綉,0.0001,1,True
綏,0.0001,1,True
經,0.0001,1,True
綛,0.0001,1,True
綜,0.0001,1,True
綟,0.0001,1,True
綢,0.0001,1,True
綣,0.0001,1,True
綫,0.0001,1,True
綬,0.0001,1,True
綮,0.0001,1,True
綯,0.0001,1,True
綰,0.0001,1,True
綴,0.0001,1,True
綵,0.0001,1,True
綸,0.0001,1,True
綽,0.0001,1,True
緇,0.0001,1,True
緋,0.0001,1,True
緕,0.0001,1,True
緘,0.0001,1,True
緜,0.0001,1,True
緝,0.0001,1,True
緞,0.0001,1,True
緡,0.0001,1,True
緤,0.0001,1,True
緬,0.0001,1,True
緲,0.0001,1,True
縅,0.0001,1,True
縉,0.0001,1,True
縊,0.0001,1,True
縋,0.0001,1,True
縒,0.0001,1,True
縞,0.0001,1,True
縟,0.0001,1,True
縡,0.0001,1,True
縱,0.0001,1,True
縲,0.0001,1,True
縷,0.0001,1,True
縹,0.0001,1,True
縺,0.0001,1,True
縻,0.0001,1,True
總,0.0001,1,True
繃,0.0001,1,True
繆,0.0001,1,True
繍,0.0001,1,True
繖,0.0001,1,True
繙,0.0001,1,True
繚,0.0001,1,True
繝,0.0001,1,True
繞,0.0001,1,True
繡,0.0001,1,True
繦,0.0001,1,True
繧,0.0001,1,True
繩,0.0001,1,True
繪,0.0001,1,True
繫,0.0001,1,True
繹,0.0001,1,True
繻,0.0001,1,True
繼,0.0001,1,True
繽,0.0001,1,True
繿,0.0001,1,True
纂,0.0001,1,True
纃,0.0001,1,True
纈,0.0001,1,True
纉,0.0001,1,True
續,0.0001,1,True
纎,0.0001,1,True
纏,0.0001,1,True
纐,0.0001,1,True
纒,0.0001,1,True
纓,0.0001,1,True
纔,0.0001,1,True
纖,0.0001,1,True
纛,0.0001,1,True
纜,0.0001,1,True
缸,0.0001,1,True
缺,0.0001,1,True
罅,0.0001,1,True
罌,0.0001,1,True
罍,0.0001,1,True
罎,0.0001,1,True
罐,0.0001,1,True
网,0.0001,1,True
罕,0.0001,1,True
罘,0.0001,1,True
罟,0.0001,1,True
罠,0.0001,1,True
罣,0.0001,1,True
罧,0.0001,1,True
罨,0.0001,1,True
罩,0.0001,1,True
罫,0.0001,1,True
罸,0.0001,1,True
罹,0.0001,1,True
羂,0.0001,1,True
羃,0.0001,1,True
羆,0.0001,1,True
羇,0.0001,1,True
羈,0.0001,1,True
羌,0.0001,1,True
羚,0.0001,1,True
羝,0.0001,1,True
羣,0.0001,1,True
羮,0.0001,1,True
羯,0.0001,1,True
羶,0.0001,1,True
羸,0.0001,1,True
羹,0.0001,1,True
翅,0.0001,1,True
翆,0.0001,1,True
翊,0.0001,1,True
翔,0.0001,1,True
翠,0.0001,1,True
翡,0.0001,1,True
翦,0.0001,1,True
翩,0.0001,1,True
翫,0.0001,1,True
翳,0.0001,1,True
翹,0.0001,1,True
耀,0.0001,1,True
耄,0.0001,1,True
耋,0.0001,1,True
耘,0.0001,1,True
耙,0.0001,1,True
耜,0.0001,1,True
耡,0.0001,1,True
耨,0.0001,1,True
耻,0.0001,1,True
耽,0.0001,1,True
耿,0.0001,1,True
聆,0.0001,1,True
聊,0.0001,1,True
聒,0.0001,1,True
聘,0.0001,1,True
聟,0.0001,1,True
聡,0.0001,1,True
聢,0.0001,1,True
聨,0.0001,1,True
聯,0.0001,1,True
聰,0.0001,1,True
聲,0.0001,1,True
聳,0.0001,1,True
聹,0.0001,1,True
聾,0.0001,1,True
肄,0.0001,1,True
肆,0.0001,1,True
肇,0.0001,1,True
肓,0.0001,1,True
肚,0.0001,1,True
肛,0.0001,1,True
肬,0.0001,1,True
肭,0.0001,1,True
肱,0.0001,1,True
胄,0.0001,1,True
胖,0.0001,1,True
胙,0.0001,1,True
胚,0.0001,1,True
胛,0.0001,1,True
胝,0.0001,1,True
胤,0.0001,1,True
胯,0.0001,1,True
胱,0.0001,1,True
胼,0.0001,1,True
脆,0.0001,1,True
脉,0.0001,1,True
脛,0.0001,1,True
脣,0.0001,1,True
脩,0.0001,1,True
脯,0.0001,1,True
脹,0.0001,1,True
脾,0.0001,1,True
腆,0.0001,1,True
腋,0.0001,1,True
腑,0.0001,1,True
腓,0.0001,1,True
腔,0.0001,1,True
腟,0.0001,1,True
腥,0.0001,1,True
腦,0.0001,1,True
腮,0.0001,1,True
腱,0.0001,1,True
腴,0.0001,1,True
腿,0.0001,1,True
膀,0.0001,1,True
膂,0.0001,1,True
膃,0.0001,1,True
膈,0.0001,1,True
膊,0.0001,1,True
膏,0.0001,1,True
膓,0.0001,1,True
膕,0.0001,1,True
膠,0.0001,1,True
膣,0.0001,1,True
膤,0.0001,1,True
膩,0.0001,1,True
膰,0.0001,1,True
膵,0.0001,1,True
膸,0.0001,1,True
膺,0.0001,1,True
膽,0.0001,1,True
膾,0.0001,1,True
膿,0.0001,1,True
臀,0.0001,1,True
臂,0.0001,1,True
臈,0.0001,1,True
臉,0.0001,1,True
臍,0.0001,1,True
臑,0.0001,1,True
臘,0.0001,1,True
臙,0.0001,1,True
臚,0.0001,1,True
臟,0.0001,1,True
臠,0.0001,1,True
臥,0.0001,1,True
臻,0.0001,1,True
舁,0.0001,1,True
舂,0.0001,1,True
舅,0.0001,1,True
舉,0.0001,1,True
舊,0.0001,1,True
舐,0.0001,1,True
舒,0.0001,1,True
舖,0.0001,1,True
舘,0.0001,1,True
舩,0.0001,1,True
舫,0.0001,1,True
舮,0.0001,1,True
舳,0.0001,1,True
舵,0.0001,1,True
舸,0.0001,1,True
艀,0.0001,1,True
艘,0.0001,1,True
艙,0.0001,1,True
艚,0.0001,1,True
艝,0.0001,1,True
艟,0.0001,1,True
艢,0.0001,1,True
艤,0.0001,1,True
艨,0.0001,1,True
艪,0.0001,1,True
艫,0.0001,1,True
艱,0.0001,1,True
艷,0.0001,1,True
艸,0.0001,1,True
艾,0.0001,1,True
芍,0.0001,1,True
芙,0.0001,1,True
芟,0.0001,1,True
芥,0.0001,1,True
芦,0.0001,1,True
芫,0.0001,1,True
芬,0.0001,1,True
芭,0.0001,1,True
芹,0.0001,1,True
苅,0.0001,1,True
苑,0.0001,1,True
苒,0.0001,1,True
苓,0.0001,1,True
苔,0.0001,1,True
苙,0.0001,1,True
苜,0.0001,1,True
苞,0.0001,1,True
苡,0.0001,1,True
苣,0.0001,1,True
苧,0.0001,1,True
苫,0.0001,1,True
苳,0.0001,1,True
苴,0.0001,1,True
苹,0.0001,1,True
苺,0.0001,1,True
苻,0.0001,1,True
范,0.0001,1,True
茄,0.0001,1,True
茅,0.0001,1,True
茆,0.0001,1,True
茉,0.0001,1,True
茖,0.0001,1,True
茗,0.0001,1,True
茘,0.0001,1,True
茜,0.0001,1,True
茣,0.0001,1,True
茫,0.0001,1,True
茯,0.0001,1,True
茱,0.0001,1,True
茴,0.0001,1,True
茵,0.0001,1,True
茹,0.0001,1,True
荀,0.0001,1,True
荊,0.0001,1,True
荏,0.0001,1,True
荐,0.0001,1,True
荳,0.0001,1,True
荵,0.0001,1,True
荻,0.0001,1,True
荼,0.0001,1,True
莅,0.0001,1,True
莇,0.0001,1,True
莉,0.0001,1,True
莊,0.0001,1,True
莎,0.0001,1,True
莓,0.0001,1,True
莖,0.0001,1,True
莚,0.0001,1,True
莞,0.0001,1,True
莟,0.0001,1,True
莠,0.0001,1,True
莢,0.0001,1,True
莨,0.0001,1,True
莪,0.0001,1,True
莱,0.0001,1,True
莵,0.0001,1,True
菁,0.0001,1,True
菎,0.0001,1,True
菖,0.0001,1,True
菘,0.0001,1,True
菟,0.0001,1,True
菠,0.0001,1,True
菩,0.0001,1,True
菰,0.0001,1,True
菲,0.0001,1,True
菴,0.0001,1,True
菷,0.0001,1,True
菻,0.0001,1,True
菽,0.0001,1,True
萄,0.0001,1,True
萇,0.0001,1,True
萊,0.0001,1,True
萋,0.0001,1,True
萍,0.0001,1,True
萓,0.0001,1,True
萠,0.0001,1,True
萢,0.0001,1,True
萩,0.0001,1,True
萪,0.0001,1,True
萱,0.0001,1,True
萵,0.0001,1,True
萸,0.0001,1,True
萼,0.0001,1,True
葆,0.0001,1,True
葎,0.0001,1,True
葡,0.0001,1,True
葢,0.0001,1,True
董,0.0001,1,True
葦,0.0001,1,True
葩,0.0001,1,True
葫,0.0001,1,True
葭,0.0001,1,True
葮,0.0001,1,True
葯,0.0001,1,True
葱,0.0001,1,True
葵,0.0001,1,True
葷,0.0001,1,True
葹,0.0001,1,True
葺,0.0001,1,True
蒂,0.0001,1,True
蒄,0.0001,1,True
蒋,0.0001,1,True
蒐,0.0001,1,True
蒔,0.0001,1,True
蒜,0.0001,1,True
蒟,0.0001,1,True
蒡,0.0001,1,True
蒭,0.0001,1,True
蒲,0.0001,1,True
蒹,0.0001,1,True
蒻,0.0001,1,True
蒼,0.0001,1,True
蓁,0.0001,1,True
蓆,0.0001,1,True
蓉,0.0001,1,True
蓊,0.0001,1,True
蓍,0.0001,1,True
蓐,0.0001,1,True
蓑,0.0001,1,True
蓖,0.0001,1,True
蓙,0.0001,1,True
蓚,0.0001,1,True
蓬,0.0001,1,True
蓴,0.0001,1,True
蓼,0.0001,1,True
蓿,0.0001,1,True
蔀,0.0001,1,True
蔆,0.0001,1,True
蔓,0.0001,1,True
蔔,0.0001,1,True
蔕,0.0001,1,True
蔗,0.0001,1,True
蔘,0.0001,1,True
蔚,0.0001,1,True
蔟,0.0001,1,True
蔡,0.0001,1,True
蔣,0.0001,1,True
蔦,0.0001,1,True
蔬,0.0001,1,True
蔭,0.0001,1,True
蕀,0.0001,1,True
蕁,0.0001,1,True
蕃,0.0001,1,True
蕈,0.0001,1,True
蕉,0.0001,1,True
蕊,0.0001,1,True
蕋,0.0001,1,True
蕎,0.0001,1,True
蕕,0.0001,1,True
蕗,0.0001,1,True
蕘,0.0001,1,True
蕚,0.0001,1,True
蕣,0.0001,1,True
蕨,0.0001,1,True
蕪,0.0001,1,True
蕷,0.0001,1,True
蕾,0.0001,1,True
薀,0.0001,1,True
薇,0.0001,1,True
薈,0.0001,1,True
薊,0.0001,1,True
薐,0.0001,1,True
薑,0.0001,1,True
薔,0.0001,1,True
薗,0.0001,1,True
薙,0.0001,1,True
薤,0.0001,1,True
薨,0.0001,1,True
薩,0.0001,1,True
薮,0.0001,1,True
薯,0.0001,1,True
薹,0.0001,1,True
薺,0.0001,1,True
藁,0.0001,1,True
藉,0.0001,1,True
藐,0.0001,1,True
藕,0.0001,1,True
藜,0.0001,1,True
藥,0.0001,1,True
藪,0.0001,1,True
藷,0.0001,1,True
藹,0.0001,1,True
藾,0.0001,1,True
蘂,0.0001,1,True
蘆,0.0001,1,True
蘊,0.0001,1,True
蘋,0.0001,1,True
蘓,0.0001,1,True
蘖,0.0001,1,True
蘗,0.0001,1,True
蘚,0.0001,1,True
蘢,0.0001,1,True
蘯,0.0001,1,True
蘰,0.0001,1,True
蘿,0.0001,1,True
虔,0.0001,1,True
處,0.0001,1,True
虧,0.0001,1,True
虱,0.0001,1,True
虻,0.0001,1,True
蚋,0.0001,1,True
蚌,0.0001,1,True
蚓,0.0001,1,True
蚣,0.0001,1,True
蚪,0.0001,1,True
蚫,0.0001,1,True
蚯,0.0001,1,True
蚰,0.0001,1,True
蚶,0.0001,1,True
蛄,0.0001,1,True
蛆,0.0001,1,True
蛉,0.0001,1,True
蛋,0.0001,1,True
蛎,0.0001,1,True
蛔,0.0001,1,True
蛙,0.0001,1,True
蛛,0.0001,1,True
蛞,0.0001,1,True
蛟,0.0001,1,True
蛤,0.0001,1,True
蛩,0.0001,1,True
蛬,0.0001,1,True
蛭,0.0001,1,True
蛯,0.0001,1,True
蛸,0.0001,1,True
蛹,0.0001,1,True
蛻,0.0001,1,True
蛾,0.0001,1,True
蜃,0.0001,1,True
蜆,0.0001,1,True
蜈,0.0001,1,True
蜉,0.0001,1,True
蜊,0.0001,1,True
蜍,0.0001,1,True
蜑,0.0001,1,True
蜒,0.0001,1,True
蜘,0.0001,1,True
蜚,0.0001,1,True
蜥,0.0001,1,True
蜩,0.0001,1,True
蜴,0.0001,1,True
蜷,0.0001,1,True
蜻,0.0001,1,True
蜿,0.0001,1,True
蝉,0.0001,1,True
蝋,0.0001,1,True
蝌,0.0001,1,True
蝎,0.0001,1,True
蝓,0.0001,1,True
蝕,0.0001,1,True
蝗,0.0001,1,True
蝙,0.0001,1,True
蝟,0.0001,1,True
蝠,0.0001,1,True
蝣,0.0001,1,True
蝦,0.0001,1,True
蝨,0.0001,1,True
蝪,0.0001,1,True
蝮,0.0001,1,True
蝴,0.0001,1,True
蝸,0.0001,1,True
蝿,0.0001,1,True
螂,0.0001,1,True
螟,0.0001,1,True
螢,0.0001,1,True
螫,0.0001,1,True
螯,0.0001,1,True
螳,0.0001,1,True
螺,0.0001,1,True
螻,0.0001,1,True
螽,0.0001,1,True
蟀,0.0001,1,True
蟄,0.0001,1,True
蟆,0.0001,1,True
蟇,0.0001,1,True
蟋,0.0001,1,True
蟐,0.0001,1,True
蟒,0.0001,1,True
蟠,0.0001,1,True
蟬,0.0001,1,True
蟯,0.0001,1,True
蟶,0.0001,1,True
蟷,0.0001,1,True
蟻,0.0001,1,True
蟾,0.0001,1,True
蠅,0.0001,1,True
蠍,0.0001,1,True
蠎,0.0001,1,True
蠏,0.0001,1,True
蠑,0.0001,1,True
蠕,0.0001,1,True
蠖,0.0001,1,True
蠡,0.0001,1,True
蠢,0.0001,1,True
蠣,0.0001,1,True
蠧,0.0001,1,True
蠱,0.0001,1,True
蠶,0.0001,1,True
蠹,0.0001,1,True
蠻,0.0001,1,True
衂,0.0001,1,True
衄,0.0001,1,True
衒,0.0001,1,True
衙,0.0001,1,True
衞,0.0001,1,True
衢,0.0001,1,True
衫,0.0001,1,True
衲,0.0001,1,True
衵,0.0001,1,True
衽,0.0001,1,True
衾,0.0001,1,True
衿,0.0001,1,True
袂,0.0001,1,True
袈,0.0001,1,True
袍,0.0001,1,True
袒,0.0001,1,True
袗,0.0001,1,True
袙,0.0001,1,True
袢,0.0001,1,True
袤,0.0001,1,True
袮,0.0001,1,True
袰,0.0001,1,True
袱,0.0001,1,True
袴,0.0001,1,True
袵,0.0001,1,True
袷,0.0001,1,True
袿,0.0001,1,True
裃,0.0001,1,True
裄,0.0001,1,True
裔,0.0001,1,True
裘,0.0001,1,True
裙,0.0001,1,True
裝,0.0001,1,True
裟,0.0001,1,True
裡,0.0001,1,True
裨,0.0001,1,True
裲,0.0001,1,True
裳,0.0001,1,True
裴,0.0001,1,True
裹,0.0001,1,True
裼,0.0001,1,True
褂,0.0001,1,True
褄,0.0001,1,True
褊,0.0001,1,True
褌,0.0001,1,True
褓,0.0001,1,True
褝,0.0001,1,True
褞,0.0001,1,True
褥,0.0001,1,True
褪,0.0001,1,True
褫,0.0001,1,True
褶,0.0001,1,True
褸,0.0001,1,True
褻,0.0001,1,True
襁,0.0001,1,True
襃,0.0001,1,True
襌,0.0001,1,True
襍,0.0001,1,True
襖,0.0001,1,True
襞,0.0001,1,True
襠,0.0001,1,True
襤,0.0001,1,True
襦,0.0001,1,True
襪,0.0001,1,True
襭,0.0001,1,True
襯,0.0001,1,True
襴,0.0001,1,True
襷,0.0001,1,True
覈,0.0001,1,True
覊,0.0001,1,True
覓,0.0001,1,True
覘,0.0001,1,True
覡,0.0001,1,True
覦,0.0001,1,True
覩,0.0001,1,True
覬,0.0001,1,True
覯,0.0001,1,True
覲,0.0001,1,True
覿,0.0001,1,True
觚,0.0001,1,True
觝,0.0001,1,True
觧,0.0001,1,True
觴,0.0001,1,True
觸,0.0001,1,True
訊,0.0001,1,True
訌,0.0001,1,True
訐,0.0001,1,True
訖,0.0001,1,True
訛,0.0001,1,True
訝,0.0001,1,True
訣,0.0001,1,True
訥,0.0001,1,True
訶,0.0001,1,True
註,0.0001,1,True
詁,0.0001,1,True
詆,0.0001,1,True
詈,0.0001,1,True
詑,0.0001,1,True
詒,0.0001,1,True
詛,0.0001,1,True
詢,0.0001,1,True
詫,0.0001,1,True
詬,0.0001,1,True
詭,0.0001,1,True
詼,0.0001,1,True
誂,0.0001,1,True
誄,0.0001,1,True
誅,0.0001,1,True
誑,0.0001,1,True
誚,0.0001,1,True
誡,0.0001,1,True
誣,0.0001,1,True
誥,0.0001,1,True
誦,0.0001,1,True
誨,0.0001,1,True
誹,0.0001,1,True
誼,0.0001,1,True
諂,0.0001,1,True
諄,0.0001,1,True
諌,0.0001,1,True
諍,0.0001,1,True
諏,0.0001,1,True
諒,0.0001,1,True
諚,0.0001,1,True
諛,0.0001,1,True
諜,0.0001,1,True
諞,0.0001,1,True
諠,0.0001,1,True
諡,0.0001,1,True
諢,0.0001,1,True
諤,0.0001,1,True
諫,0.0001,1,True
諱,0.0001,1,True
諳,0.0001,1,True
諷,0.0001,1,True
諺,0.0001,1,True
謂,0.0001,1,True
謇,0.0001,1,True
謌,0.0001,1,True
謐,0.0001,1,True
謔,0.0001,1,True
謖,0.0001,1,True
謗,0.0001,1,True
謚,0.0001,1,True
謠,0.0001,1,True
謦,0.0001,1,True
謨,0.0001,1,True
謫,0.0001,1,True
謬,0.0001,1,True
謳,0.0001,1,True
謾,0.0001,1,True
譁,0.0001,1,True
證,0.0001,1,True
譌,0.0001,1,True
譎,0.0001,1,True
譏,0.0001,1,True
譖,0.0001,1,True
譚,0.0001,1,True
譛,0.0001,1,True
譟,0.0001,1,True
譫,0.0001,1,True
譬,0.0001,1,True
譯,0.0001,1,True
譱,0.0001,1,True
譴,0.0001,1,True
譽,0.0001,1,True
讀,0.0001,1,True
讃,0.0001,1,True
變,0.0001,1,True
讌,0.0001,1,True
讎,0.0001,1,True
讐,0.0001,1,True
讒,0.0001,1,True
讓,0.0001,1,True
讖,0.0001,1,True
讙,0.0001,1,True
讚,0.0001,1,True
谺,0.0001,1,True
谿,0.0001,1,True
豁,0.0001,1,True
豌,0.0001,1,True
豎,0.0001,1,True
豢,0.0001,1,True
豫,0.0001,1,True
豹,0.0001,1,True
豺,0.0001,1,True
豼,0.0001,1,True
貂,0.0001,1,True
貅,0.0001,1,True
貉,0.0001,1,True
貊,0.0001,1,True
貎,0.0001,1,True
貔,0.0001,1,True
貘,0.0001,1,True
貭,0.0001,1,True
貮,0.0001,1,True
貰,0.0001,1,True
貲,0.0001,1,True
貶,0.0001,1,True
貽,0.0001,1,True
賍,0.0001,1,True
賎,0.0001,1,True
賑,0.0001,1,True
賚,0.0001,1,True
賺,0.0001,1,True
賻,0.0001,1,True
賽,0.0001,1,True
贄,0.0001,1,True
贇,0.0001,1,True
贋,0.0001,1,True
贍,0.0001,1,True
贏,0.0001,1,True
贐,0.0001,1,True
贓,0.0001,1,True
贔,0.0001,1,True
贖,0.0001,1,True
赧,0.0001,1,True
赭,0.0001,1,True
赱,0.0001,1,True
赳,0.0001,1,True
趁,0.0001,1,True
趙,0.0001,1,True
趨,0.0001,1,True
趺,0.0001,1,True
趾,0.0001,1,True
跂,0.0001,1,True
跋,0.0001,1,True
跌,0.0001,1,True
跏,0.0001,1,True
跖,0.0001,1,True
跚,0.0001,1,True
跛,0.0001,1,True
跟,0.0001,1,True
跣,0.0001,1,True
跨,0.0001,1,True
跪,0.0001,1,True
跫,0.0001,1,True
跼,0.0001,1,True
跿,0.0001,1,True
踈,0.0001,1,True
踉,0.0001,1,True
踐,0.0001,1,True
踝,0.0001,1,True
踞,0.0001,1,True
踟,0.0001,1,True
踰,0.0001,1,True
踴,0.0001,1,True
踵,0.0001,1,True
蹂,0.0001,1,True
蹄,0.0001,1,True
蹇,0.0001,1,True
蹈,0.0001,1,True
蹉,0.0001,1,True
蹊,0.0001,1,True
蹌,0.0001,1,True
蹐,0.0001,1,True
蹕,0.0001,1,True
蹙,0.0001,1,True
蹟,0.0001,1,True
蹠,0.0001,1,True
蹣,0.0001,1,True
蹤,0.0001,1,True
蹲,0.0001,1,True
蹶,0.0001,1,True
蹼,0.0001,1,True
躁,0.0001,1,True
躄,0.0001,1,True
躅,0.0001,1,True
躇,0.0001,1,True
躊,0.0001,1,True
躋,0.0001,1,True
躑,0.0001,1,True
躓,0.0001,1,True
躔,0.0001,1,True
躙,0.0001,1,True
躡,0.0001,1,True
躪,0.0001,1,True
躯,0.0001,1,True
躰,0.0001,1,True
躱,0.0001,1,True
躾,0.0001,1,True
軅,0.0001,1,True
軆,0.0001,1,True
軈,0.0001,1,True
軋,0.0001,1,True
軛,0.0001,1,True
軣,0.0001,1,True
軫,0.0001,1,True
軻,0.0001,1,True
軼,0.0001,1,True
軾,0.0001,1,True
輅,0.0001,1,True
輊,0.0001,1,True
輌,0.0001,1,True
輒,0.0001,1,True
輓,0.0001,1,True
輔,0.0001,1,True
輕,0.0001,1,True
輙,0.0001,1,True
輛,0.0001,1,True
輜,0.0001,1,True
輟,0.0001,1,True
輦,0.0001,1,True
輯,0.0001,1,True
輳,0.0001,1,True
輹,0.0001,1,True
輻,0.0001,1,True
輾,0.0001,1,True
輿,0.0001,1,True
轂,0.0001,1,True
轅,0.0001,1,True
轆,0.0001,1,True
轌,0.0001,1,True
轍,0.0001,1,True
轎,0.0001,1,True
轗,0.0001,1,True
轜,0.0001,1,True
轟,0.0001,1,True
轡,0.0001,1,True
轢,0.0001,1,True
轣,0.0001,1,True
轤,0.0001,1,True
辜,0.0001,1,True
辧,0.0001,1,True
辨,0.0001,1,True
辭,0.0001,1,True
辮,0.0001,1,True
辯,0.0001,1,True
辷,0.0001,1,True
辿,0.0001,1,True
迂,0.0001,1,True
迄,0.0001,1,True
迚,0.0001,1,True
迢,0.0001,1,True
迥,0.0001,1,True
迦,0.0001,1,True
迩,0.0001,1,True
迪,0.0001,1,True
迯,0.0001,1,True
迴,0.0001,1,True
迸,0.0001,1,True
迹,0.0001,1,True
迺,0.0001,1,True
逅,0.0001,1,True
逋,0.0001,1,True
逍,0.0001,1,True
逎,0.0001,1,True
逑,0.0001,1,True
逕,0.0001,1,True
逖,0.0001,1,True
逗,0.0001,1,True
這,0.0001,1,True
逞,0.0001,1,True
逡,0.0001,1,True
逧,0.0001,1,True
逵,0.0001,1,True
逶,0.0001,1,True
逹,0.0001,1,True
逼,0.0001,1,True
逾,0.0001,1,True
遀,0.0001,1,False
遁,0.0001,1,True
遉,0.0001,1,True
遏,0.0001,1,True
遐,0.0001,1,True
遑,0.0001,1,True
遒,0.0001,1,True
遖,0.0001,1,True
遘,0.0001,1,True
遙,0.0001,1,True
遞,0.0001,1,True
遨,0.0001,1,True
遯,0.0001,1,True
遲,0.0001,1,True
遶,0.0001,1,True
遼,0.0001,1,True
遽,0.0001,1,True
邀,0.0001,1,True
邁,0.0001,1,True
邂,0.0001,1,True
邃,0.0001,1,True
邇,0.0001,1,True
邉,0.0001,1,True
邊,0.0001,1,True
邏,0.0001,1,True
邨,0.0001,1,True
邯,0.0001,1,True
邱,0.0001,1,True
邵,0.0001,1,True
郁,0.0001,1,True
郛,0.0001,1,True
郢,0.0001,1,True
郤,0.0001,1,True
鄂,0.0001,1,True
鄒,0.0001,1,True
鄙,0.0001,1,True
鄰,0.0001,1,True
鄲,0.0001,1,True
酊,0.0001,1,True
酖,0.0001,1,True
酘,0.0001,1,True
酣,0.0001,1,True
酥,0.0001,1,True
酩,0.0001,1,True
酲,0.0001,1,True
酳,0.0001,1,True
醂,0.0001,1,True
醇,0.0001,1,True
醉,0.0001,1,True
醋,0.0001,1,True
醍,0.0001,1,True
醐,0.0001,1,True
醗,0.0001,1,True
醢,0.0001,1,True
醪,0.0001,1,True
醫,0.0001,1,True
醬,0.0001,1,True
醯,0.0001,1,True
醴,0.0001,1,True
醵,0.0001,1,True
醺,0.0001,1,True
釀,0.0001,1,True
釁,0.0001,1,True
釉,0.0001,1,True
釋,0.0001,1,True
釐,0.0001,1,True
釖,0.0001,1,True
釛,0.0001,1,True
釟,0.0001,1,True
釡,0.0001,1,True
釦,0.0001,1,True
釧,0.0001,1,True
釵,0.0001,1,True
釶,0.0001,1,True
釼,0.0001,1,True
釿,0.0001,1,True
鈎,0.0001,1,True
鈑,0.0001,1,True
鈔,0.0001,1,True
鈕,0.0001,1,True
鈞,0.0001,1,True
鈩,0.0001,1,True
鈬,0.0001,1,True
鈷,0.0001,1,True
鈿,0.0001,1,True
鉅,0.0001,1,True
鉈,0.0001,1,True
鉉,0.0001,1,True
鉋,0.0001,1,True
鉐,0.0001,1,True
鉗,0.0001,1,True
鉚,0.0001,1,True
鉞,0.0001,1,True
鉤,0.0001,1,True
鉦,0.0001,1,True
鉾,0.0001,1,True
銑,0.0001,1,True
銓,0.0001,1,True
銕,0.0001,1,True
銖,0.0001,1,True
銚,0.0001,1,True
銛,0.0001,1,True
銜,0.0001,1,True
銷,0.0001,1,True
銹,0.0001,1,True
鋏,0.0001,1,True
鋒,0.0001,1,True
鋤,0.0001,1,True
鋩,0.0001,1,True
鋪,0.0001,1,True
鋲,0.0001,1,True
鋸,0.0001,1,True
鋺,0.0001,1,True
錆,0.0001,1,True
錏,0.0001,1,True
錐,0.0001,1,True
錘,0.0001,1,True
錙,0.0001,1,True
錚,0.0001,1,True
錢,0.0001,1,True
錣,0.0001,1,True
錨,0.0001,1,True
錫,0.0001,1,True
錵,0.0001,1,True
錺,0.0001,1,True
錻,0.0001,1,True
鍄,0.0001,1,True
鍍,0.0001,1,True
鍔,0.0001,1,True
鍖,0.0001,1,True
鍜,0.0001,1,True
鍠,0.0001,1,True
鍬,0.0001,1,True
鍮,0.0001,1,True
鍼,0.0001,1,True
鍾,0.0001,1,True
鎔,0.0001,1,True
鎗,0.0001,1,True
鎚,0.0001,1,True
鎧,0.0001,1,True
鎬,0.0001,1,True
鎭,0.0001,1,True
鎰,0.0001,1,True
鎹,0.0001,1,True
鏃,0.0001,1,True
鏈,0.0001,1,True
鏐,0.0001,1,True
鏑,0.0001,1,True
鏖,0.0001,1,True
鏗,0.0001,1,True
鏘,0.0001,1,True
鏝,0.0001,1,True
鏤,0.0001,1,True
鏥,0.0001,1,True
鏨,0.0001,1,True
鐃,0.0001,1,True
鐇,0.0001,1,True
鐐,0.0001,1,True
鐓,0.0001,1,True
鐔,0.0001,1,True
鐙,0.0001,1,True
鐚,0.0001,1,True
鐡,0.0001,1,True
鐫,0.0001,1,True
鐵,0.0001,1,True
鐶,0.0001,1,True
鐸,0.0001,1,True
鐺,0.0001,1,True
鑁,0.0001,1,True
鑄,0.0001,1,True
鑒,0.0001,1,True
鑓,0.0001,1,True
鑚,0.0001,1,True
鑛,0.0001,1,True
鑞,0.0001,1,True
鑠,0.0001,1,True
鑢,0.0001,1,True
鑪,0.0001,1,True
鑰,0.0001,1,True
鑵,0.0001,1,True
鑷,0.0001,1,True
鑼,0.0001,1,True
鑽,0.0001,1,True
鑾,0.0001,1,True
鑿,0.0001,1,True
钁,0.0001,1,True
閂,0.0001,1,True
閃,0.0001,1,True
閇,0.0001,1,True
閊,0.0001,1,True
閒,0.0001,1,False
閖,0.0001,1,True
閘,0.0001,1,True
閙,0.0001,1,True
閠,0.0001,1,True
閤,0.0001,1,True
閧,0.0001,1,True
閨,0.0001,1,True
閹,0.0001,1,True
閻,0.0001,1,True
閼,0.0001,1,True
閾,0.0001,1,True
闃,0.0001,1,True
闊,0.0001,1,True
闍,0.0001,1,True
闔,0.0001,1,True
闕,0.0001,1,True
闖,0.0001,1,True
關,0.0001,1,True
闡,0.0001,1,True
闢,0.0001,1,True
闥,0.0001,1,True
阝,0.0001,1,True
阡,0.0001,1,True
阨,0.0001,1,True
阮,0.0001,1,True
阯,0.0001,1,True
陀,0.0001,1,True
陂,0.0001,1,True
陋,0.0001,1,True
陌,0.0001,1,True
陜,0.0001,1,True
陝,0.0001,1,True
陞,0.0001,1,True
陟,0.0001,1,True
陦,0.0001,1,True
陬,0.0001,1,True
陲,0.0001,1,True
陷,0.0001,1,True
隈,0.0001,1,True
隍,0.0001,1,True
隕,0.0001,1,True
隗,0.0001,1,True
隘,0.0001,1,True
隧,0.0001,1,True
隨,0.0001,1,True
險,0.0001,1,True
隰,0.0001,1,True
隱,0.0001,1,True
隲,0.0001,1,True
隴,0.0001,1,True
隸,0.0001,1,True
雀,0.0001,1,True
雎,0.0001,1,True
雕,0.0001,1,True
雖,0.0001,1,True
雙,0.0001,1,True
雛,0.0001,1,True
雫,0.0001,1,True
雹,0.0001,1,True
霄,0.0001,1,True
霆,0.0001,1,True
霈,0.0001,1,True
霎,0.0001,1,True
霏,0.0001,1,True
霑,0.0001,1,True
霓,0.0001,1,True
霖,0.0001,1,True
霙,0.0001,1,True
霤,0.0001,1,True
霪,0.0001,1,True
霰,0.0001,1,True
霸,0.0001,1,True
霹,0.0001,1,True
霽,0.0001,1,True
霾,0.0001,1,True
靂,0.0001,1,True
靄,0.0001,1,True
靆,0.0001,1,True
靈,0.0001,1,True
靉,0.0001,1,True
靜,0.0001,1,True
靠,0.0001,1,True
靡,0.0001,1,True
靤,0.0001,1,True
靦,0.0001,1,True
靨,0.0001,1,True
靫,0.0001,1,True
靭,0.0001,1,True
靱,0.0001,1,True
靹,0.0001,1,True
靺,0.0001,1,True
靼,0.0001,1,True
鞁,0.0001,1,True
鞄,0.0001,1,True
鞅,0.0001,1,True
鞆,0.0001,1,True
鞋,0.0001,1,True
鞍,0.0001,1,True
鞏,0.0001,1,True
鞐,0.0001,1,True
鞘,0.0001,1,True
鞜,0.0001,1,True
鞠,0.0001,1,True
鞣,0.0001,1,True
鞦,0.0001,1,True
鞨,0.0001,1,True
鞫,0.0001,1,True
鞭,0.0001,1,True
鞳,0.0001,1,True
鞴,0.0001,1,True
韃,0.0001,1,True
韆,0.0001,1,True
韈,0.0001,1,True
韜,0.0001,1,True
韮,0.0001,1,True
韲,0.0001,1,True
韵,0.0001,1,True
韶,0.0001,1,True
頌,0.0001,1,True
頏,0.0001,1,True
頗,0.0001,1,True
頚,0.0001,1,True
頤,0.0001,1,True
頬,0.0001,1,True
頴,0.0001,1,True
頷,0.0001,1,True
頸,0.0001,1,True
頽,0.0001,1,True
顆,0.0001,1,True
顋,0.0001,1,True
顏,0.0001,1,True
顚,0.0001,1,True
顫,0.0001,1,True
顯,0.0001,1,True
顰,0.0001,1,True
顱,0.0001,1,True
顳,0.0001,1,True
顴,0.0001,1,True
颪,0.0001,1,True
颯,0.0001,1,True
颱,0.0001,1,True
颶,0.0001,1,True
飃,0.0001,1,True
飄,0.0001,1,True
飆,0.0001,1,True
飜,0.0001,1,True
飩,0.0001,1,True
飫,0.0001,1,True
飭,0.0001,1,True
飮,0.0001,1,True
餉,0.0001,1,True
餐,0.0001,1,True
餒,0.0001,1,True
餔,0.0001,1,True
餘,0.0001,1,True
餝,0.0001,1,True
餞,0.0001,1,True
餠,0.0001,1,True
餡,0.0001,1,True
餤,0.0001,1,True
餬,0.0001,1,True
餮,0.0001,1,True
餽,0.0001,1,True
餾,0.0001,1,True
饂,0.0001,1,True
饅,0.0001,1,True
饉,0.0001,1,True
饋,0.0001,1,True
饌,0.0001,1,True
饐,0.0001,1,True
饑,0.0001,1,True
饒,0.0001,1,True
饕,0.0001,1,True
饗,0.0001,1,True
馗,0.0001,1,True
馘,0.0001,1,True
馥,0.0001,1,True
馨,0.0001,1,True
馭,0.0001,1,True
馳,0.0001,1,True
馴,0.0001,1,True
馼,0.0001,1,True
駁,0.0001,1,True
駈,0.0001,1,True
駑,0.0001,1,True
駕,0.0001,1,True
駘,0.0001,1,True
駛,0.0001,1,True
駝,0.0001,1,True
駟,0.0001,1,True
駢,0.0001,1,True
駭,0.0001,1,True
駮,0.0001,1,True
駱,0.0001,1,True
駲,0.0001,1,True
駸,0.0001,1,True
駻,0.0001,1,True
騁,0.0001,1,True
騅,0.0001,1,True
騏,0.0001,1,True
騙,0.0001,1,True
騨,0.0001,1,True
騫,0.0001,1,True
騷,0.0001,1,True
騾,0.0001,1,True
驀,0.0001,1,True
驂,0.0001,1,True
驃,0.0001,1,True
驅,0.0001,1,True
驍,0.0001,1,True
驕,0.0001,1,True
驗,0.0001,1,True
驛,0.0001,1,True
驟,0.0001,1,True
驢,0.0001,1,True
驤,0.0001,1,True
驥,0.0001,1,True
驩,0.0001,1,True
驪,0.0001,1,True
驫,0.0001,1,True
骭,0.0001,1,True
骰,0.0001,1,True
骼,0.0001,1,True
髀,0.0001,1,True
髏,0.0001,1,True
髑,0.0001,1,True
髓,0.0001,1,True
體,0.0001,1,True
髞,0.0001,1,True
髢,0.0001,1,True
髣,0.0001,1,True
髦,0.0001,1,True
髫,0.0001,1,True
髭,0.0001,1,True
髮,0.0001,1,True
髯,0.0001,1,True
髱,0.0001,1,True
髴,0.0001,1,True
髷,0.0001,1,True
髻,0.0001,1,True
鬆,0.0001,1,True
鬘,0.0001,1,True
鬚,0.0001,1,True
鬟,0.0001,1,True
鬢,0.0001,1,True
鬣,0.0001,1,True
鬧,0.0001,1,True
鬨,0.0001,1,True
鬩,0.0001,1,True
鬪,0.0001,1,True
鬮,0.0001,1,True
鬯,0.0001,1,True
鬻,0.0001,1,True
魁,0.0001,1,True
魃,0.0001,1,True
魄,0.0001,1,True
魍,0.0001,1,True
魎,0.0001,1,True
魑,0.0001,1,True
魘,0.0001,1,True
魴,0.0001,1,True
鮃,0.0001,1,True
鮑,0.0001,1,True
鮒,0.0001,1,True
鮓,0.0001,1,True
鮖,0.0001,1,True
鮗,0.0001,1,True
鮟,0.0001,1,True
鮠,0.0001,1,True
鮨,0.0001,1,True
鮪,0.0001,1,True
鮴,0.0001,1,True
鮹,0.0001,1,True
鯀,0.0001,1,True
鯆,0.0001,1,True
鯊,0.0001,1,True
鯏,0.0001,1,True
鯑,0.0001,1,True
鯒,0.0001,1,True
鯔,0.0001,1,True
鯖,0.0001,1,True
鯡,0.0001,1,True
鯢,0.0001,1,True
鯣,0.0001,1,True
鯤,0.0001,1,True
鯰,0.0001,1,True
鯱,0.0001,1,True
鯲,0.0001,1,True
鯵,0.0001,1,True
鰄,0.0001,1,True
鰆,0.0001,1,True
鰈,0.0001,1,True
鰉,0.0001,1,True
鰊,0.0001,1,True
鰌,0.0001,1,True
鰍,0.0001,1,True
鰐,0.0001,1,True
鰒,0.0001,1,True
鰓,0.0001,1,True
鰔,0.0001,1,True
鰕,0.0001,1,True
鰛,0.0001,1,True
鰡,0.0001,1,True
鰤,0.0001,1,True
鰥,0.0001,1,True
鰭,0.0001,1,True
鰮,0.0001,1,True
鰯,0.0001,1,True
鰰,0.0001,1,True
鰲,0.0001,1,True
鰹,0.0001,1,True
鰺,0.0001,1,True
鰻,0.0001,1,True
鰾,0.0001,1,True
鱆,0.0001,1,True
鱇,0.0001,1,True
鱈,0.0001,1,True
鱒,0.0001,1,True
鱗,0.0001,1,True
鱚,0.0001,1,True
鱠,0.0001,1,True
鱧,0.0001,1,True
鱶,0.0001,1,True
鱸,0.0001,1,True
鳧,0.0001,1,True
鳫,0.0001,1,True
鳬,0.0001,1,True
鳰,0.0001,1,True
鳳,0.0001,1,True
鳶,0.0001,1,True
鴃,0.0001,1,True
鴆,0.0001,1,True
鴇,0.0001,1,True
鴈,0.0001,1,True
鴉,0.0001,1,True
鴎,0.0001,1,True
鴒,0.0001,1,True
鴕,0.0001,1,True
鴛,0.0001,1,True
鴟,0.0001,1,True
鴣,0.0001,1,True
鴦,0.0001,1,True
鴪,0.0001,1,True
鴫,0.0001,1,True
鴬,0.0001,1,True
鴻,0.0001,1,True
鴾,0.0001,1,True
鴿,0.0001,1,True
鵁,0.0001,1,True
鵄,0.0001,1,True
鵆,0.0001,1,True
鵈,0.0001,1,True
鵐,0.0001,1,True
鵑,0.0001,1,True
鵙,0.0001,1,True
鵜,0.0001,1,True
鵝,0.0001,1,True
鵞,0.0001,1,True
鵠,0.0001,1,True
鵡,0.0001,1,True
鵤,0.0001,1,True
鵬,0.0001,1,True
鵯,0.0001,1,True
鵲,0.0001,1,True
鵺,0.0001,1,True
鶇,0.0001,1,True
鶉,0.0001,1,True
鶚,0.0001,1,True
鶤,0.0001,1,True
鶩,0.0001,1,True
鶫,0.0001,1,True
鶯,0.0001,1,True
鶲,0.0001,1,True
鶸,0.0001,1,True
鶺,0.0001,1,True
鶻,0.0001,1,True
鷁,0.0001,1,True
鷂,0.0001,1,True
鷄,0.0001,1,True
鷆,0.0001,1,True
鷏,0.0001,1,True
鷓,0.0001,1,True
鷗,0.0001,1,True
鷙,0.0001,1,True
鷦,0.0001,1,True
鷭,0.0001,1,True
鷯,0.0001,1,True
鷲,0.0001,1,True
鷸,0.0001,1,True
鷺,0.0001,1,True
鷽,0.0001,1,True
鸚,0.0001,1,True
鸛,0.0001,1,True
鸞,0.0001,1,True
鹸,0.0001,1,True
鹹,0.0001,1,True
鹽,0.0001,1,True
麁,0.0001,1,True
麈,0.0001,1,True
麋,0.0001,1,True
麌,0.0001,1,True
麑,0.0001,1,True
麒,0.0001,1,True
麕,0.0001,1,True
麝,0.0001,1,True
麟,0.0001,1,True
麩,0.0001,1,True
麪,0.0001,1,True
麭,0.0001,1,True
麸,0.0001,1,True
麹,0.0001,1,True
麼,0.0001,1,True
麾,0.0001,1,True
麿,0.0001,1,True
黌,0.0001,1,True
黏,0.0001,1,True
黐,0.0001,1,True
黔,0.0001,1,True
默,0.0001,1,True
黛,0.0001,1,True
黜,0.0001,1,True
黝,0.0001,1,True
點,0.0001,1,True
黠,0.0001,1,True
黥,0.0001,1,True
黯,0.0001,1,True
黴,0.0001,1,True
黶,0.0001,1,True
黷,0.0001,1,True
黻,0.0001,1,True
黼,0.0001,1,True
鼇,0.0001,1,True
鼈,0.0001,1,True
鼎,0.0001,1,True
鼕,0.0001,1,True
鼬,0.0001,1,True
鼾,0.0001,1,True
齋,0.0001,1,True
齎,0.0001,1,True
齏,0.0001,1,True
齔,0.0001,1,True
齟,0.0001,1,True
齠,0.0001,1,True
齡,0.0001,1,True
齣,0.0001,1,True
齦,0.0001,1,True
齪,0.0001,1,True
齬,0.0001,1,True
齲,0.0001,1,True
齶,0.0001,1,True
齷,0.0001,1,True
龕,0.0001,1,True
龝,0.0001,1,True
𠆢,0.0001,1,True
𠩺,0.0001,1,False
𡕰,0.0001,1,False
𣪘,0.0001,1,True
𤆍,0.0001,1,False
𤍾,0.0001,1,False
𤕻,0.0001,1,False
𤴡,0.0001,1,False
𦍒,0.0001,1,False
𦔮,0.0001,1,False
𦣝,0.0001,1,True
𦰩,0.0001,1,True
𩾏,0.0001,1,False
𪪷,0.0001,1,False
